route,species_a,species_b,type_a,type_b,x_A,x_B_pair,rho_A,rho_B_pair,rho_tot,k,S_cc,S_AA,S_AB,S_BB_pair,S_cc0,n_frames,frac_tag,dump
reciprocal,Fe,B,1,2,2.00000000e-01,8.00000000e-01,2.38511759e-02,9.54047035e-02,1.19255879e-01,1.40000000e-01,1.17093108e+00,1.28402426e-01,-1.55574389e-01,1.91976477e-01,,361,last0.5,SUPERCELL.dump
reciprocal,Fe,B,1,2,2.00000000e-01,8.00000000e-01,2.38511759e-02,9.54047035e-02,1.19255879e-01,1.80000000e-01,1.21927312e+00,1.33807430e-01,-1.61792291e-01,1.99880006e-01,,361,last0.5,SUPERCELL.dump
reciprocal,Fe,B,1,2,2.00000000e-01,8.00000000e-01,2.38511759e-02,9.54047035e-02,1.19255879e-01,2.30000000e-01,1.49400636e+00,1.59468181e-01,-2.04531202e-01,2.66485560e-01,,361,last0.5,SUPERCELL.dump
reciprocal,Fe,B,1,2,2.00000000e-01,8.00000000e-01,2.38511759e-02,9.54047035e-02,1.19255879e-01,2.60000000e-01,5.08381281e-01,5.42855812e-02,-6.92909711e-02,9.27893489e-02,,361,last0.5,SUPERCELL.dump
reciprocal,Fe,B,1,2,2.00000000e-01,8.00000000e-01,2.38511759e-02,9.54047035e-02,1.19255879e-01,2.80000000e-01,6.12220772e-01,6.58303371e-02,-8.29288122e-02,1.08557272e-01,,361,last0.5,SUPERCELL.dump
reciprocal,Fe,B,1,2,2.00000000e-01,8.00000000e-01,2.38511759e-02,9.54047035e-02,1.19255879e-01,3.00000000e-01,1.55902364e+00,1.63432902e-01,-2.17475221e-01,2.93340165e-01,,361,last0.5,SUPERCELL.dump
reciprocal,Fe,B,1,2,2.00000000e-01,8.00000000e-01,2.38511759e-02,9.54047035e-02,1.19255879e-01,3.20000000e-01,5.75627528e-01,6.08818349e-02,-7.93122360e-02,1.07566930e-01,,361,last0.5,SUPERCELL.dump
reciprocal,Fe,B,1,2,2.00000000e-01,8.00000000e-01,2.38511759e-02,9.54047035e-02,1.19255879e-01,3.40000000e-01,3.09207454e-01,3.29188627e-02,-4.21275774e-02,5.81477497e-02,,361,last0.5,SUPERCELL.dump
reciprocal,Fe,B,1,2,2.00000000e-01,8.00000000e-01,2.38511759e-02,9.54047035e-02,1.19255879e-01,3.50000000e-01,1.43839917e+00,1.49907419e-01,-2.01747484e-01,2.75940379e-01,,361,last0.5,SUPERCELL.dump
reciprocal,Fe,B,1,2,2.00000000e-01,8.00000000e-01,2.38511759e-02,9.54047035e-02,1.19255879e-01,3.70000000e-01,1.43569806e+00,1.47469475e-01,-2.04142423e-01,2.87734874e-01,,361,last0.5,SUPERCELL.dump
reciprocal,Fe,B,1,2,2.00000000e-01,8.00000000e-01,2.38511759e-02,9.54047035e-02,1.19255879e-01,3.90000000e-01,1.56153787e+00,1.61111659e-01,-2.21174006e-01,3.08385708e-01,,361,last0.5,SUPERCELL.dump
reciprocal,Fe,B,1,2,2.00000000e-01,8.00000000e-01,2.38511759e-02,9.54047035e-02,1.19255879e-01,4.20000000e-01,2.02237952e-01,2.15709108e-02,-2.72633677e-02,3.97101064e-02,,361,last0.5,SUPERCELL.dump
reciprocal,Fe,B,1,2,2.00000000e-01,8.00000000e-01,2.38511759e-02,9.54047035e-02,1.19255879e-01,4.30000000e-01,5.71064048e-01,5.80120176e-02,-8.17808736e-02,1.20129361e-01,,361,last0.5,SUPERCELL.dump
reciprocal,Fe,B,1,2,2.00000000e-01,8.00000000e-01,2.38511759e-02,9.54047035e-02,1.19255879e-01,4.50000000e-01,7.11790867e-01,7.33768251e-02,-1.00650576e-01,1.42897336e-01,,361,last0.5,SUPERCELL.dump
reciprocal,Fe,B,1,2,2.00000000e-01,8.00000000e-01,2.38511759e-02,9.54047035e-02,1.19255879e-01,4.60000000e-01,4.65391429e-01,4.74427936e-02,-6.63306513e-02,9.77866953e-02,,361,last0.5,SUPERCELL.dump
reciprocal,Fe,B,1,2,2.00000000e-01,8.00000000e-01,2.38511759e-02,9.54047035e-02,1.19255879e-01,4.70000000e-01,4.32171031e-01,4.29053907e-02,-6.30173073e-02,9.78486994e-02,,361,last0.5,SUPERCELL.dump
reciprocal,Fe,B,1,2,2.00000000e-01,8.00000000e-01,2.38511759e-02,9.54047035e-02,1.19255879e-01,5.00000000e-01,3.75537128e-01,3.80001962e-02,-5.37513007e-02,8.16117161e-02,,361,last0.5,SUPERCELL.dump
reciprocal,Fe,B,1,2,2.00000000e-01,8.00000000e-01,2.38511759e-02,9.54047035e-02,1.19255879e-01,5.30000000e-01,4.31013413e-01,4.39619529e-02,-6.13322574e-02,9.09727829e-02,,361,last0.5,SUPERCELL.dump
reciprocal,Fe,B,1,2,2.00000000e-01,8.00000000e-01,2.38511759e-02,9.54047035e-02,1.19255879e-01,5.50000000e-01,3.60165158e-01,3.70457205e-02,-5.07876949e-02,7.47622290e-02,,361,last0.5,SUPERCELL.dump
reciprocal,Fe,B,1,2,2.00000000e-01,8.00000000e-01,2.38511759e-02,9.54047035e-02,1.19255879e-01,5.60000000e-01,2.11149107e-01,2.16702749e-02,-2.95698866e-02,4.62358212e-02,,361,last0.5,SUPERCELL.dump
reciprocal,Fe,B,1,2,2.00000000e-01,8.00000000e-01,2.38511759e-02,9.54047035e-02,1.19255879e-01,5.70000000e-01,1.52912078e-01,1.62028124e-02,-2.05886659e-02,3.19372819e-02,,361,last0.5,SUPERCELL.dump
reciprocal,Fe,B,1,2,2.00000000e-01,8.00000000e-01,2.38511759e-02,9.54047035e-02,1.19255879e-01,5.80000000e-01,1.95379979e-01,1.93260525e-02,-2.81548047e-02,4.80500036e-02,,361,last0.5,SUPERCELL.dump
reciprocal,Fe,B,1,2,2.00000000e-01,8.00000000e-01,2.38511759e-02,9.54047035e-02,1.19255879e-01,5.90000000e-01,1.50987574e-01,1.52315991e-02,-2.13168632e-02,3.59134070e-02,,361,last0.5,SUPERCELL.dump
reciprocal,Fe,B,1,2,2.00000000e-01,8.00000000e-01,2.38511759e-02,9.54047035e-02,1.19255879e-01,6.00000000e-01,1.00694411e-01,1.04224177e-02,-1.37636640e-02,2.33420191e-02,,361,last0.5,SUPERCELL.dump
reciprocal,Fe,B,1,2,2.00000000e-01,8.00000000e-01,2.38511759e-02,9.54047035e-02,1.19255879e-01,6.10000000e-01,7.77543158e-02,8.55193358e-03,-9.69127361e-03,1.74553566e-02,,361,last0.5,SUPERCELL.dump
reciprocal,Fe,B,1,2,2.00000000e-01,8.00000000e-01,2.38511759e-02,9.54047035e-02,1.19255879e-01,6.20000000e-01,1.55325829e-01,1.55598713e-02,-2.19828737e-02,3.82670278e-02,,361,last0.5,SUPERCELL.dump
reciprocal,Fe,B,1,2,2.00000000e-01,8.00000000e-01,2.38511759e-02,9.54047035e-02,1.19255879e-01,6.30000000e-01,1.49574605e-01,1.53338423e-02,-2.06356922e-02,3.55142617e-02,,361,last0.5,SUPERCELL.dump
reciprocal,Fe,B,1,2,2.00000000e-01,8.00000000e-01,2.38511759e-02,9.54047035e-02,1.19255879e-01,6.40000000e-01,1.60717650e-01,1.59943237e-02,-2.30190512e-02,3.91015277e-02,,361,last0.5,SUPERCELL.dump
reciprocal,Fe,B,1,2,2.00000000e-01,8.00000000e-01,2.38511759e-02,9.54047035e-02,1.19255879e-01,6.50000000e-01,1.32813722e-01,1.42232255e-02,-1.76767887e-02,2.69845137e-02,,361,last0.5,SUPERCELL.dump
reciprocal,Fe,B,1,2,2.00000000e-01,8.00000000e-01,2.38511759e-02,9.54047035e-02,1.19255879e-01,6.60000000e-01,9.72404286e-02,1.06932949e-02,-1.23133632e-02,2.03126973e-02,,361,last0.5,SUPERCELL.dump
reciprocal,Fe,B,1,2,2.00000000e-01,8.00000000e-01,2.38511759e-02,9.54047035e-02,1.19255879e-01,6.70000000e-01,1.16943409e-01,1.18689924e-02,-1.62183169e-02,2.90043138e-02,,361,last0.5,SUPERCELL.dump
reciprocal,Fe,B,1,2,2.00000000e-01,8.00000000e-01,2.38511759e-02,9.54047035e-02,1.19255879e-01,6.80000000e-01,1.08019500e-01,1.21710905e-02,-1.33002500e-02,2.09095633e-02,,361,last0.5,SUPERCELL.dump
reciprocal,Fe,B,1,2,2.00000000e-01,8.00000000e-01,2.38511759e-02,9.54047035e-02,1.19255879e-01,6.90000000e-01,2.19571826e-01,2.12626224e-02,-3.23055469e-02,5.59844474e-02,,361,last0.5,SUPERCELL.dump
reciprocal,Fe,B,1,2,2.00000000e-01,8.00000000e-01,2.38511759e-02,9.54047035e-02,1.19255879e-01,7.00000000e-01,1.20924189e-01,1.22894419e-02,-1.67710263e-02,2.97237304e-02,,361,last0.5,SUPERCELL.dump
reciprocal,Fe,B,1,2,2.00000000e-01,8.00000000e-01,2.38511759e-02,9.54047035e-02,1.19255879e-01,7.10000000e-01,1.49973499e-01,1.42568975e-02,-2.21739911e-02,4.16282493e-02,,361,last0.5,SUPERCELL.dump
reciprocal,Fe,B,1,2,2.00000000e-01,8.00000000e-01,2.38511759e-02,9.54047035e-02,1.19255879e-01,7.20000000e-01,9.83718475e-02,1.04433219e-02,-1.29059108e-02,2.29450932e-02,,361,last0.5,SUPERCELL.dump
reciprocal,Fe,B,1,2,2.00000000e-01,8.00000000e-01,2.38511759e-02,9.54047035e-02,1.19255879e-01,7.30000000e-01,1.15326354e-01,1.20502275e-02,-1.54208178e-02,2.76634635e-02,,361,last0.5,SUPERCELL.dump
reciprocal,Fe,B,1,2,2.00000000e-01,8.00000000e-01,2.38511759e-02,9.54047035e-02,1.19255879e-01,7.40000000e-01,1.17684842e-01,1.26328685e-02,-1.54620363e-02,2.50430478e-02,,361,last0.5,SUPERCELL.dump
reciprocal,Fe,B,1,2,2.00000000e-01,8.00000000e-01,2.38511759e-02,9.54047035e-02,1.19255879e-01,7.50000000e-01,1.11337456e-01,1.16627711e-02,-1.49435138e-02,2.57887089e-02,,361,last0.5,SUPERCELL.dump
reciprocal,Fe,B,1,2,2.00000000e-01,8.00000000e-01,2.38511759e-02,9.54047035e-02,1.19255879e-01,7.60000000e-01,9.59234237e-02,1.11162438e-02,-1.12867918e-02,1.78315716e-02,,361,last0.5,SUPERCELL.dump
reciprocal,Fe,B,1,2,2.00000000e-01,8.00000000e-01,2.38511759e-02,9.54047035e-02,1.19255879e-01,7.70000000e-01,1.00438019e-01,1.07798717e-02,-1.31129725e-02,2.20638811e-02,,361,last0.5,SUPERCELL.dump
reciprocal,Fe,B,1,2,2.00000000e-01,8.00000000e-01,2.38511759e-02,9.54047035e-02,1.19255879e-01,7.80000000e-01,1.07358604e-01,1.16941105e-02,-1.37816590e-02,2.27195791e-02,,361,last0.5,SUPERCELL.dump
reciprocal,Fe,B,1,2,2.00000000e-01,8.00000000e-01,2.38511759e-02,9.54047035e-02,1.19255879e-01,7.90000000e-01,7.91664513e-02,8.76397153e-03,-9.77453346e-03,1.76068072e-02,,361,last0.5,SUPERCELL.dump
reciprocal,Fe,B,1,2,2.00000000e-01,8.00000000e-01,2.38511759e-02,9.54047035e-02,1.19255879e-01,8.00000000e-01,1.18759493e-01,1.26432404e-02,-1.57579555e-02,2.57137045e-02,,361,last0.5,SUPERCELL.dump
reciprocal,Fe,B,1,2,2.00000000e-01,8.00000000e-01,2.38511759e-02,9.54047035e-02,1.19255879e-01,8.10000000e-01,7.05151990e-02,7.54524418e-03,-9.00078792e-03,1.75035915e-02,,361,last0.5,SUPERCELL.dump
reciprocal,Fe,B,1,2,2.00000000e-01,8.00000000e-01,2.38511759e-02,9.54047035e-02,1.19255879e-01,8.20000000e-01,7.16213640e-02,8.25137063e-03,-8.33851151e-03,1.48016966e-02,,361,last0.5,SUPERCELL.dump
reciprocal,Fe,B,1,2,2.00000000e-01,8.00000000e-01,2.38511759e-02,9.54047035e-02,1.19255879e-01,8.30000000e-01,8.62112018e-02,9.26922053e-03,-1.10266228e-02,2.05093062e-02,,361,last0.5,SUPERCELL.dump
reciprocal,Fe,B,1,2,2.00000000e-01,8.00000000e-01,2.38511759e-02,9.54047035e-02,1.19255879e-01,8.40000000e-01,7.37237567e-02,7.70674851e-03,-9.71367410e-03,1.87824169e-02,,361,last0.5,SUPERCELL.dump
reciprocal,Fe,B,1,2,2.00000000e-01,8.00000000e-01,2.38511759e-02,9.54047035e-02,1.19255879e-01,8.50000000e-01,1.13065526e-01,1.17538052e-02,-1.52987687e-02,2.66421864e-02,,361,last0.5,SUPERCELL.dump
reciprocal,Fe,B,1,2,2.00000000e-01,8.00000000e-01,2.38511759e-02,9.54047035e-02,1.19255879e-01,8.60000000e-01,8.65351111e-02,9.61369714e-03,-1.07001230e-02,1.85753810e-02,,361,last0.5,SUPERCELL.dump
reciprocal,Fe,B,1,2,2.00000000e-01,8.00000000e-01,2.38511759e-02,9.54047035e-02,1.19255879e-01,8.70000000e-01,8.98754914e-02,9.90671683e-03,-1.11700483e-02,2.00866630e-02,,361,last0.5,SUPERCELL.dump
reciprocal,Fe,B,1,2,2.00000000e-01,8.00000000e-01,2.38511759e-02,9.54047035e-02,1.19255879e-01,8.80000000e-01,9.51669449e-02,1.04243274e-02,-1.19741182e-02,2.11482582e-02,,361,last0.5,SUPERCELL.dump
reciprocal,Fe,B,1,2,2.00000000e-01,8.00000000e-01,2.38511759e-02,9.54047035e-02,1.19255879e-01,8.90000000e-01,8.06386815e-02,8.81262695e-03,-1.00963929e-02,1.86427477e-02,,361,last0.5,SUPERCELL.dump
reciprocal,Fe,B,1,2,2.00000000e-01,8.00000000e-01,2.38511759e-02,9.54047035e-02,1.19255879e-01,9.00000000e-01,8.17030357e-02,8.85505313e-03,-1.02709177e-02,1.97409926e-02,,361,last0.5,SUPERCELL.dump
reciprocal,Fe,B,1,2,2.00000000e-01,8.00000000e-01,2.38511759e-02,9.54047035e-02,1.19255879e-01,9.10000000e-01,8.11069476e-02,8.68457023e-03,-1.04338845e-02,1.93878090e-02,,361,last0.5,SUPERCELL.dump
reciprocal,Fe,B,1,2,2.00000000e-01,8.00000000e-01,2.38511759e-02,9.54047035e-02,1.19255879e-01,9.20000000e-01,8.69012654e-02,9.61289933e-03,-1.07237921e-02,1.94904445e-02,,361,last0.5,SUPERCELL.dump
reciprocal,Fe,B,1,2,2.00000000e-01,8.00000000e-01,2.38511759e-02,9.54047035e-02,1.19255879e-01,9.30000000e-01,9.02914173e-02,9.83845370e-03,-1.12425362e-02,2.18390102e-02,,361,last0.5,SUPERCELL.dump
reciprocal,Fe,B,1,2,2.00000000e-01,8.00000000e-01,2.38511759e-02,9.54047035e-02,1.19255879e-01,9.50000000e-01,8.62916728e-02,9.36140405e-03,-1.09593851e-02,1.98121877e-02,,361,last0.5,SUPERCELL.dump
reciprocal,Fe,B,1,2,2.00000000e-01,8.00000000e-01,2.38511759e-02,9.54047035e-02,1.19255879e-01,9.60000000e-01,9.18651057e-02,9.91166188e-03,-1.17118826e-02,2.16046978e-02,,361,last0.5,SUPERCELL.dump
reciprocal,Fe,B,1,2,2.00000000e-01,8.00000000e-01,2.38511759e-02,9.54047035e-02,1.19255879e-01,9.70000000e-01,8.85780462e-02,9.65711051e-03,-1.11733692e-02,2.01855979e-02,,361,last0.5,SUPERCELL.dump
reciprocal,Fe,B,1,2,2.00000000e-01,8.00000000e-01,2.38511759e-02,9.54047035e-02,1.19255879e-01,9.80000000e-01,7.69087527e-02,8.65540079e-03,-9.22836232e-03,1.69822123e-02,,361,last0.5,SUPERCELL.dump
reciprocal,Fe,B,1,2,2.00000000e-01,8.00000000e-01,2.38511759e-02,9.54047035e-02,1.19255879e-01,9.90000000e-01,9.07071807e-02,9.79036858e-03,-1.15129225e-02,2.16848378e-02,,361,last0.5,SUPERCELL.dump
reciprocal,Fe,B,1,2,2.00000000e-01,8.00000000e-01,2.38511759e-02,9.54047035e-02,1.19255879e-01,1.00000000e+00,8.17222572e-02,9.24099931e-03,-9.57279314e-03,1.92081572e-02,,361,last0.5,SUPERCELL.dump
reciprocal,Fe,B,1,2,2.00000000e-01,8.00000000e-01,2.38511759e-02,9.54047035e-02,1.19255879e-01,1.01000000e+00,9.79355273e-02,1.05841202e-02,-1.25502055e-02,2.22371190e-02,,361,last0.5,SUPERCELL.dump
reciprocal,Fe,B,1,2,2.00000000e-01,8.00000000e-01,2.38511759e-02,9.54047035e-02,1.19255879e-01,1.02000000e+00,8.22032873e-02,8.92923913e-03,-1.02501133e-02,2.02119002e-02,,361,last0.5,SUPERCELL.dump
reciprocal,Fe,B,1,2,2.00000000e-01,8.00000000e-01,2.38511759e-02,9.54047035e-02,1.19255879e-01,1.04000000e+00,7.90138006e-02,8.61159054e-03,-9.77565354e-03,1.95808300e-02,,361,last0.5,SUPERCELL.dump
reciprocal,Fe,B,1,2,2.00000000e-01,8.00000000e-01,2.38511759e-02,9.54047035e-02,1.19255879e-01,1.05000000e+00,8.34326326e-02,8.86722025e-03,-1.07052060e-02,2.12286272e-02,,361,last0.5,SUPERCELL.dump
reciprocal,Fe,B,1,2,2.00000000e-01,8.00000000e-01,2.38511759e-02,9.54047035e-02,1.19255879e-01,1.06000000e+00,8.94004700e-02,9.52687078e-03,-1.14223151e-02,2.27298381e-02,,361,last0.5,SUPERCELL.dump
reciprocal,Fe,B,1,2,2.00000000e-01,8.00000000e-01,2.38511759e-02,9.54047035e-02,1.19255879e-01,1.07000000e+00,8.82025467e-02,9.34024845e-03,-1.11709913e-02,2.41549011e-02,,361,last0.5,SUPERCELL.dump
reciprocal,Fe,B,1,2,2.00000000e-01,8.00000000e-01,2.38511759e-02,9.54047035e-02,1.19255879e-01,1.08000000e+00,8.45572303e-02,9.24231721e-03,-1.03997781e-02,2.10233711e-02,,361,last0.5,SUPERCELL.dump
reciprocal,Fe,B,1,2,2.00000000e-01,8.00000000e-01,2.38511759e-02,9.54047035e-02,1.19255879e-01,1.09000000e+00,7.71667778e-02,8.83255398e-03,-8.84811397e-03,1.79590231e-02,,361,last0.5,SUPERCELL.dump
reciprocal,Fe,B,1,2,2.00000000e-01,8.00000000e-01,2.38511759e-02,9.54047035e-02,1.19255879e-01,1.10000000e+00,7.73760088e-02,8.28293969e-03,-9.71833326e-03,2.04148981e-02,,361,last0.5,SUPERCELL.dump
reciprocal,Fe,B,1,2,2.00000000e-01,8.00000000e-01,2.38511759e-02,9.54047035e-02,1.19255879e-01,1.11000000e+00,8.59113988e-02,9.36211243e-03,-1.05495329e-02,2.19459232e-02,,361,last0.5,SUPERCELL.dump
reciprocal,Fe,B,1,2,2.00000000e-01,8.00000000e-01,2.38511759e-02,9.54047035e-02,1.19255879e-01,1.12000000e+00,8.08890303e-02,8.70291403e-03,-1.00142858e-02,2.18013999e-02,,361,last0.5,SUPERCELL.dump
reciprocal,Fe,B,1,2,2.00000000e-01,8.00000000e-01,2.38511759e-02,9.54047035e-02,1.19255879e-01,1.13000000e+00,7.70980838e-02,8.24842139e-03,-9.57401047e-03,2.12931686e-02,,361,last0.5,SUPERCELL.dump
reciprocal,Fe,B,1,2,2.00000000e-01,8.00000000e-01,2.38511759e-02,9.54047035e-02,1.19255879e-01,1.14000000e+00,8.52771144e-02,9.07375532e-03,-1.07883344e-02,2.27581717e-02,,361,last0.5,SUPERCELL.dump
reciprocal,Fe,B,1,2,2.00000000e-01,8.00000000e-01,2.38511759e-02,9.54047035e-02,1.19255879e-01,1.15000000e+00,8.61282516e-02,9.43969637e-03,-1.06122860e-02,2.08490797e-02,,361,last0.5,SUPERCELL.dump
reciprocal,Fe,B,1,2,2.00000000e-01,8.00000000e-01,2.38511759e-02,9.54047035e-02,1.19255879e-01,1.16000000e+00,8.50581162e-02,9.09456401e-03,-1.04360052e-02,2.45909451e-02,,361,last0.5,SUPERCELL.dump
reciprocal,Fe,B,1,2,2.00000000e-01,8.00000000e-01,2.38511759e-02,9.54047035e-02,1.19255879e-01,1.18000000e+00,9.11956647e-02,9.79513150e-03,-1.11871732e-02,2.56709903e-02,,361,last0.5,SUPERCELL.dump
reciprocal,Fe,B,1,2,2.00000000e-01,8.00000000e-01,2.38511759e-02,9.54047035e-02,1.19255879e-01,1.19000000e+00,8.42232082e-02,8.97958667e-03,-1.02763650e-02,2.52185122e-02,,361,last0.5,SUPERCELL.dump
reciprocal,Fe,B,1,2,2.00000000e-01,8.00000000e-01,2.38511759e-02,9.54047035e-02,1.19255879e-01,1.20000000e+00,8.67698668e-02,9.06566062e-03,-1.09459364e-02,2.60773584e-02,,361,last0.5,SUPERCELL.dump
reciprocal,Fe,B,1,2,2.00000000e-01,8.00000000e-01,2.38511759e-02,9.54047035e-02,1.19255879e-01,1.21000000e+00,7.67490640e-02,8.12116765e-03,-8.82919846e-03,2.82471580e-02,,361,last0.5,SUPERCELL.dump
reciprocal,Fe,B,1,2,2.00000000e-01,8.00000000e-01,2.38511759e-02,9.54047035e-02,1.19255879e-01,1.22000000e+00,8.29927397e-02,8.84135184e-03,-9.99980956e-03,2.59741980e-02,,361,last0.5,SUPERCELL.dump
reciprocal,Fe,B,1,2,2.00000000e-01,8.00000000e-01,2.38511759e-02,9.54047035e-02,1.19255879e-01,1.23000000e+00,8.49777786e-02,8.81813535e-03,-1.03600973e-02,2.93815489e-02,,361,last0.5,SUPERCELL.dump
reciprocal,Fe,B,1,2,2.00000000e-01,8.00000000e-01,2.38511759e-02,9.54047035e-02,1.19255879e-01,1.24000000e+00,8.84559592e-02,9.28433832e-03,-1.10141532e-02,2.70596910e-02,,361,last0.5,SUPERCELL.dump
reciprocal,Fe,B,1,2,2.00000000e-01,8.00000000e-01,2.38511759e-02,9.54047035e-02,1.19255879e-01,1.25000000e+00,8.29403332e-02,8.68193343e-03,-9.80444913e-03,2.99315313e-02,,361,last0.5,SUPERCELL.dump
reciprocal,Fe,B,1,2,2.00000000e-01,8.00000000e-01,2.38511759e-02,9.54047035e-02,1.19255879e-01,1.26000000e+00,8.93785451e-02,9.49487303e-03,-1.07248548e-02,2.87561179e-02,,361,last0.5,SUPERCELL.dump
reciprocal,Fe,B,1,2,2.00000000e-01,8.00000000e-01,2.38511759e-02,9.54047035e-02,1.19255879e-01,1.27000000e+00,9.58682678e-02,9.58919396e-03,-1.20053685e-02,3.63513133e-02,,361,last0.5,SUPERCELL.dump
reciprocal,Fe,B,1,2,2.00000000e-01,8.00000000e-01,2.38511759e-02,9.54047035e-02,1.19255879e-01,1.28000000e+00,9.01472882e-02,9.34895774e-03,-1.11535177e-02,2.99533878e-02,,361,last0.5,SUPERCELL.dump
reciprocal,Fe,B,1,2,2.00000000e-01,8.00000000e-01,2.38511759e-02,9.54047035e-02,1.19255879e-01,1.29000000e+00,9.45617437e-02,9.69655596e-03,-1.15983383e-02,3.39944958e-02,,361,last0.5,SUPERCELL.dump
reciprocal,Fe,B,1,2,2.00000000e-01,8.00000000e-01,2.38511759e-02,9.54047035e-02,1.19255879e-01,1.30000000e+00,9.22430379e-02,9.33809566e-03,-1.10935481e-02,3.68551995e-02,,361,last0.5,SUPERCELL.dump
reciprocal,Fe,B,1,2,2.00000000e-01,8.00000000e-01,2.38511759e-02,9.54047035e-02,1.19255879e-01,1.31000000e+00,8.36714984e-02,8.50393561e-03,-1.03954675e-02,3.02312433e-02,,361,last0.5,SUPERCELL.dump
reciprocal,Fe,B,1,2,2.00000000e-01,8.00000000e-01,2.38511759e-02,9.54047035e-02,1.19255879e-01,1.32000000e+00,9.14026104e-02,9.61333506e-03,-1.08203435e-02,3.21313581e-02,,361,last0.5,SUPERCELL.dump
reciprocal,Fe,B,1,2,2.00000000e-01,8.00000000e-01,2.38511759e-02,9.54047035e-02,1.19255879e-01,1.33000000e+00,9.18878322e-02,1.01435401e-02,-1.02600640e-02,2.95769520e-02,,361,last0.5,SUPERCELL.dump
reciprocal,Fe,B,1,2,2.00000000e-01,8.00000000e-01,2.38511759e-02,9.54047035e-02,1.19255879e-01,1.34000000e+00,1.00107555e-01,9.86975615e-03,-1.26483843e-02,3.93571905e-02,,361,last0.5,SUPERCELL.dump
reciprocal,Fe,B,1,2,2.00000000e-01,8.00000000e-01,2.38511759e-02,9.54047035e-02,1.19255879e-01,1.35000000e+00,9.53175703e-02,9.61511925e-03,-1.16951631e-02,3.67763037e-02,,361,last0.5,SUPERCELL.dump
reciprocal,Fe,B,1,2,2.00000000e-01,8.00000000e-01,2.38511759e-02,9.54047035e-02,1.19255879e-01,1.36000000e+00,1.04317137e-01,1.05424308e-02,-1.29321962e-02,3.88743362e-02,,361,last0.5,SUPERCELL.dump
reciprocal,Fe,B,1,2,2.00000000e-01,8.00000000e-01,2.38511759e-02,9.54047035e-02,1.19255879e-01,1.37000000e+00,1.10466402e-01,1.05661005e-02,-1.37734280e-02,5.00991661e-02,,361,last0.5,SUPERCELL.dump
reciprocal,Fe,B,1,2,2.00000000e-01,8.00000000e-01,2.38511759e-02,9.54047035e-02,1.19255879e-01,1.38000000e+00,1.01484893e-01,9.78261634e-03,-1.27415855e-02,4.41122100e-02,,361,last0.5,SUPERCELL.dump
reciprocal,Fe,B,1,2,2.00000000e-01,8.00000000e-01,2.38511759e-02,9.54047035e-02,1.19255879e-01,1.39000000e+00,9.51865951e-02,9.43073099e-03,-1.11689655e-02,4.35456081e-02,,361,last0.5,SUPERCELL.dump
reciprocal,Fe,B,1,2,2.00000000e-01,8.00000000e-01,2.38511759e-02,9.54047035e-02,1.19255879e-01,1.40000000e+00,1.16951322e-01,1.07925568e-02,-1.47835716e-02,5.77288379e-02,,361,last0.5,SUPERCELL.dump
reciprocal,Fe,B,1,2,2.00000000e-01,8.00000000e-01,2.38511759e-02,9.54047035e-02,1.19255879e-01,1.41000000e+00,1.04359972e-01,1.02214846e-02,-1.27234785e-02,4.58069237e-02,,361,last0.5,SUPERCELL.dump
reciprocal,Fe,B,1,2,2.00000000e-01,8.00000000e-01,2.38511759e-02,9.54047035e-02,1.19255879e-01,1.42000000e+00,1.11439937e-01,1.12655098e-02,-1.34783123e-02,4.41720376e-02,,361,last0.5,SUPERCELL.dump
reciprocal,Fe,B,1,2,2.00000000e-01,8.00000000e-01,2.38511759e-02,9.54047035e-02,1.19255879e-01,1.43000000e+00,1.09189740e-01,1.04993733e-02,-1.36921960e-02,4.80104212e-02,,361,last0.5,SUPERCELL.dump
reciprocal,Fe,B,1,2,2.00000000e-01,8.00000000e-01,2.38511759e-02,9.54047035e-02,1.19255879e-01,1.44000000e+00,1.34694688e-01,1.17155160e-02,-1.82639758e-02,6.80182755e-02,,361,last0.5,SUPERCELL.dump
reciprocal,Fe,B,1,2,2.00000000e-01,8.00000000e-01,2.38511759e-02,9.54047035e-02,1.19255879e-01,1.45000000e+00,1.14394658e-01,1.07443184e-02,-1.40662102e-02,5.66171128e-02,,361,last0.5,SUPERCELL.dump
reciprocal,Fe,B,1,2,2.00000000e-01,8.00000000e-01,2.38511759e-02,9.54047035e-02,1.19255879e-01,1.46000000e+00,1.11687156e-01,1.10082406e-02,-1.36346484e-02,4.77747132e-02,,361,last0.5,SUPERCELL.dump
reciprocal,Fe,B,1,2,2.00000000e-01,8.00000000e-01,2.38511759e-02,9.54047035e-02,1.19255879e-01,1.47000000e+00,1.23719943e-01,1.18842023e-02,-1.54783365e-02,5.48843359e-02,,361,last0.5,SUPERCELL.dump
reciprocal,Fe,B,1,2,2.00000000e-01,8.00000000e-01,2.38511759e-02,9.54047035e-02,1.19255879e-01,1.48000000e+00,1.33698076e-01,1.17871322e-02,-1.76369027e-02,6.89177035e-02,,361,last0.5,SUPERCELL.dump
reciprocal,Fe,B,1,2,2.00000000e-01,8.00000000e-01,2.38511759e-02,9.54047035e-02,1.19255879e-01,1.49000000e+00,1.28030341e-01,1.09954381e-02,-1.70439069e-02,6.94310098e-02,,361,last0.5,SUPERCELL.dump
reciprocal,Fe,B,1,2,2.00000000e-01,8.00000000e-01,2.38511759e-02,9.54047035e-02,1.19255879e-01,1.50000000e+00,1.31585690e-01,1.16645033e-02,-1.70192756e-02,6.95229220e-02,,361,last0.5,SUPERCELL.dump
reciprocal,Fe,B,1,2,2.00000000e-01,8.00000000e-01,2.38511759e-02,9.54047035e-02,1.19255879e-01,1.51000000e+00,1.18814585e-01,1.10414500e-02,-1.51436380e-02,5.64211414e-02,,361,last0.5,SUPERCELL.dump
reciprocal,Fe,B,1,2,2.00000000e-01,8.00000000e-01,2.38511759e-02,9.54047035e-02,1.19255879e-01,1.52000000e+00,1.26267109e-01,1.11610731e-02,-1.64793388e-02,6.60404991e-02,,361,last0.5,SUPERCELL.dump
reciprocal,Fe,B,1,2,2.00000000e-01,8.00000000e-01,2.38511759e-02,9.54047035e-02,1.19255879e-01,1.53000000e+00,1.28300709e-01,1.16246390e-02,-1.65680505e-02,6.39767207e-02,,361,last0.5,SUPERCELL.dump
reciprocal,Fe,B,1,2,2.00000000e-01,8.00000000e-01,2.38511759e-02,9.54047035e-02,1.19255879e-01,1.54000000e+00,1.27001239e-01,1.19134362e-02,-1.63227107e-02,5.74444454e-02,,361,last0.5,SUPERCELL.dump
reciprocal,Fe,B,1,2,2.00000000e-01,8.00000000e-01,2.38511759e-02,9.54047035e-02,1.19255879e-01,1.55000000e+00,1.19474186e-01,1.15852220e-02,-1.45199039e-02,5.46771953e-02,,361,last0.5,SUPERCELL.dump
reciprocal,Fe,B,1,2,2.00000000e-01,8.00000000e-01,2.38511759e-02,9.54047035e-02,1.19255879e-01,1.56000000e+00,1.31988497e-01,1.19910822e-02,-1.68671954e-02,6.67152295e-02,,361,last0.5,SUPERCELL.dump
reciprocal,Fe,B,1,2,2.00000000e-01,8.00000000e-01,2.38511759e-02,9.54047035e-02,1.19255879e-01,1.57000000e+00,1.41841661e-01,1.26700444e-02,-1.83846377e-02,7.30884895e-02,,361,last0.5,SUPERCELL.dump
reciprocal,Fe,B,1,2,2.00000000e-01,8.00000000e-01,2.38511759e-02,9.54047035e-02,1.19255879e-01,1.58000000e+00,1.29292001e-01,1.22772139e-02,-1.64839051e-02,5.71641176e-02,,361,last0.5,SUPERCELL.dump
reciprocal,Fe,B,1,2,2.00000000e-01,8.00000000e-01,2.38511759e-02,9.54047035e-02,1.19255879e-01,1.59000000e+00,1.19261051e-01,1.15241309e-02,-1.43560487e-02,5.63300538e-02,,361,last0.5,SUPERCELL.dump
reciprocal,Fe,B,1,2,2.00000000e-01,8.00000000e-01,2.38511759e-02,9.54047035e-02,1.19255879e-01,1.60000000e+00,1.30197627e-01,1.21252609e-02,-1.64630189e-02,6.24624882e-02,,361,last0.5,SUPERCELL.dump
reciprocal,Fe,B,1,2,2.00000000e-01,8.00000000e-01,2.38511759e-02,9.54047035e-02,1.19255879e-01,1.61000000e+00,1.40723315e-01,1.29506859e-02,-1.86550390e-02,6.31007801e-02,,361,last0.5,SUPERCELL.dump
reciprocal,Fe,B,1,2,2.00000000e-01,8.00000000e-01,2.38511759e-02,9.54047035e-02,1.19255879e-01,1.62000000e+00,1.37343746e-01,1.23281556e-02,-1.75751962e-02,7.16241698e-02,,361,last0.5,SUPERCELL.dump
reciprocal,Fe,B,1,2,2.00000000e-01,8.00000000e-01,2.38511759e-02,9.54047035e-02,1.19255879e-01,1.63000000e+00,1.67575404e-01,1.37276875e-02,-2.24192255e-02,1.00612000e-01,,361,last0.5,SUPERCELL.dump
reciprocal,Fe,B,1,2,2.00000000e-01,8.00000000e-01,2.38511759e-02,9.54047035e-02,1.19255879e-01,1.64000000e+00,1.43748846e-01,1.34846211e-02,-1.83903465e-02,6.56956655e-02,,361,last0.5,SUPERCELL.dump
reciprocal,Fe,B,1,2,2.00000000e-01,8.00000000e-01,2.38511759e-02,9.54047035e-02,1.19255879e-01,1.65000000e+00,1.73237967e-01,1.36766666e-02,-2.39518414e-02,1.06049754e-01,,361,last0.5,SUPERCELL.dump
reciprocal,Fe,B,1,2,2.00000000e-01,8.00000000e-01,2.38511759e-02,9.54047035e-02,1.19255879e-01,1.66000000e+00,1.43549337e-01,1.34687987e-02,-1.82260735e-02,6.66681924e-02,,361,last0.5,SUPERCELL.dump
reciprocal,Fe,B,1,2,2.00000000e-01,8.00000000e-01,2.38511759e-02,9.54047035e-02,1.19255879e-01,1.67000000e+00,1.54344585e-01,1.36853404e-02,-2.02582528e-02,7.91310105e-02,,361,last0.5,SUPERCELL.dump
reciprocal,Fe,B,1,2,2.00000000e-01,8.00000000e-01,2.38511759e-02,9.54047035e-02,1.19255879e-01,1.68000000e+00,1.60525188e-01,1.42177133e-02,-2.06584974e-02,8.58379216e-02,,361,last0.5,SUPERCELL.dump
reciprocal,Fe,B,1,2,2.00000000e-01,8.00000000e-01,2.38511759e-02,9.54047035e-02,1.19255879e-01,1.69000000e+00,1.42249398e-01,1.36847014e-02,-1.78168087e-02,6.26122348e-02,,361,last0.5,SUPERCELL.dump
reciprocal,Fe,B,1,2,2.00000000e-01,8.00000000e-01,2.38511759e-02,9.54047035e-02,1.19255879e-01,1.70000000e+00,1.48146045e-01,1.38592165e-02,-1.93624179e-02,6.50353643e-02,,361,last0.5,SUPERCELL.dump
reciprocal,Fe,B,1,2,2.00000000e-01,8.00000000e-01,2.38511759e-02,9.54047035e-02,1.19255879e-01,1.71000000e+00,1.42084980e-01,1.34422310e-02,-1.81080229e-02,6.36718524e-02,,361,last0.5,SUPERCELL.dump
reciprocal,Fe,B,1,2,2.00000000e-01,8.00000000e-01,2.38511759e-02,9.54047035e-02,1.19255879e-01,1.72000000e+00,1.33818675e-01,1.34340913e-02,-1.64216962e-02,5.26475626e-02,,361,last0.5,SUPERCELL.dump
reciprocal,Fe,B,1,2,2.00000000e-01,8.00000000e-01,2.38511759e-02,9.54047035e-02,1.19255879e-01,1.73000000e+00,1.38932893e-01,1.39164148e-02,-1.68875721e-02,5.64508936e-02,,361,last0.5,SUPERCELL.dump
reciprocal,Fe,B,1,2,2.00000000e-01,8.00000000e-01,2.38511759e-02,9.54047035e-02,1.19255879e-01,1.74000000e+00,1.56431738e-01,1.48387632e-02,-2.01774575e-02,6.75452393e-02,,361,last0.5,SUPERCELL.dump
reciprocal,Fe,B,1,2,2.00000000e-01,8.00000000e-01,2.38511759e-02,9.54047035e-02,1.19255879e-01,1.75000000e+00,1.47422319e-01,1.43907865e-02,-1.88983250e-02,5.80852746e-02,,361,last0.5,SUPERCELL.dump
reciprocal,Fe,B,1,2,2.00000000e-01,8.00000000e-01,2.38511759e-02,9.54047035e-02,1.19255879e-01,1.76000000e+00,1.44500714e-01,1.43576861e-02,-1.80499951e-02,5.66910548e-02,,361,last0.5,SUPERCELL.dump
reciprocal,Fe,B,1,2,2.00000000e-01,8.00000000e-01,2.38511759e-02,9.54047035e-02,1.19255879e-01,1.77000000e+00,1.53774655e-01,1.52878306e-02,-1.93917150e-02,5.87242823e-02,,361,last0.5,SUPERCELL.dump
reciprocal,Fe,B,1,2,2.00000000e-01,8.00000000e-01,2.38511759e-02,9.54047035e-02,1.19255879e-01,1.78000000e+00,1.47745565e-01,1.51088348e-02,-1.81293483e-02,5.37120386e-02,,361,last0.5,SUPERCELL.dump
reciprocal,Fe,B,1,2,2.00000000e-01,8.00000000e-01,2.38511759e-02,9.54047035e-02,1.19255879e-01,1.79000000e+00,1.43290041e-01,1.45384808e-02,-1.75711121e-02,5.40199069e-02,,361,last0.5,SUPERCELL.dump
reciprocal,Fe,B,1,2,2.00000000e-01,8.00000000e-01,2.38511759e-02,9.54047035e-02,1.19255879e-01,1.80000000e+00,1.46923432e-01,1.44643451e-02,-1.85071812e-02,5.85501074e-02,,361,last0.5,SUPERCELL.dump
reciprocal,Fe,B,1,2,2.00000000e-01,8.00000000e-01,2.38511759e-02,9.54047035e-02,1.19255879e-01,1.81000000e+00,1.46241319e-01,1.52247529e-02,-1.77010923e-02,5.07986438e-02,,361,last0.5,SUPERCELL.dump
reciprocal,Fe,B,1,2,2.00000000e-01,8.00000000e-01,2.38511759e-02,9.54047035e-02,1.19255879e-01,1.82000000e+00,1.45973592e-01,1.53131119e-02,-1.76360397e-02,4.91071191e-02,,361,last0.5,SUPERCELL.dump
reciprocal,Fe,B,1,2,2.00000000e-01,8.00000000e-01,2.38511759e-02,9.54047035e-02,1.19255879e-01,1.83000000e+00,1.55992110e-01,1.63877688e-02,-1.89570278e-02,5.12138829e-02,,361,last0.5,SUPERCELL.dump
reciprocal,Fe,B,1,2,2.00000000e-01,8.00000000e-01,2.38511759e-02,9.54047035e-02,1.19255879e-01,1.84000000e+00,1.54470881e-01,1.60462119e-02,-1.87748764e-02,5.36006156e-02,,361,last0.5,SUPERCELL.dump
reciprocal,Fe,B,1,2,2.00000000e-01,8.00000000e-01,2.38511759e-02,9.54047035e-02,1.19255879e-01,1.85000000e+00,1.59509268e-01,1.70593597e-02,-1.92819454e-02,4.83551342e-02,,361,last0.5,SUPERCELL.dump
reciprocal,Fe,B,1,2,2.00000000e-01,8.00000000e-01,2.38511759e-02,9.54047035e-02,1.19255879e-01,1.86000000e+00,1.53033965e-01,1.62292547e-02,-1.84265591e-02,4.91744516e-02,,361,last0.5,SUPERCELL.dump
reciprocal,Fe,B,1,2,2.00000000e-01,8.00000000e-01,2.38511759e-02,9.54047035e-02,1.19255879e-01,1.87000000e+00,1.61383429e-01,1.68940005e-02,-1.98294748e-02,5.22082612e-02,,361,last0.5,SUPERCELL.dump
reciprocal,Fe,B,1,2,2.00000000e-01,8.00000000e-01,2.38511759e-02,9.54047035e-02,1.19255879e-01,1.88000000e+00,1.52752056e-01,1.62564032e-02,-1.83725907e-02,4.83313436e-02,,361,last0.5,SUPERCELL.dump
reciprocal,Fe,B,1,2,2.00000000e-01,8.00000000e-01,2.38511759e-02,9.54047035e-02,1.19255879e-01,1.89000000e+00,1.52340096e-01,1.61716002e-02,-1.83026924e-02,4.90191600e-02,,361,last0.5,SUPERCELL.dump
reciprocal,Fe,B,1,2,2.00000000e-01,8.00000000e-01,2.38511759e-02,9.54047035e-02,1.19255879e-01,1.90000000e+00,1.57016231e-01,1.68650634e-02,-1.86142084e-02,4.93730353e-02,,361,last0.5,SUPERCELL.dump
reciprocal,Fe,B,1,2,2.00000000e-01,8.00000000e-01,2.38511759e-02,9.54047035e-02,1.19255879e-01,1.91000000e+00,1.57406125e-01,1.70401407e-02,-1.85045095e-02,4.86118171e-02,,361,last0.5,SUPERCELL.dump
reciprocal,Fe,B,1,2,2.00000000e-01,8.00000000e-01,2.38511759e-02,9.54047035e-02,1.19255879e-01,1.92000000e+00,1.60051409e-01,1.73904882e-02,-1.86304633e-02,4.98852712e-02,,361,last0.5,SUPERCELL.dump
reciprocal,Fe,B,1,2,2.00000000e-01,8.00000000e-01,2.38511759e-02,9.54047035e-02,1.19255879e-01,1.93000000e+00,1.65884096e-01,1.75366629e-02,-2.01975371e-02,5.23994399e-02,,361,last0.5,SUPERCELL.dump
reciprocal,Fe,B,1,2,2.00000000e-01,8.00000000e-01,2.38511759e-02,9.54047035e-02,1.19255879e-01,1.94000000e+00,1.67348095e-01,1.78622857e-02,-2.00877228e-02,5.24327548e-02,,361,last0.5,SUPERCELL.dump
reciprocal,Fe,B,1,2,2.00000000e-01,8.00000000e-01,2.38511759e-02,9.54047035e-02,1.19255879e-01,1.95000000e+00,1.63449001e-01,1.76533172e-02,-1.94118207e-02,4.95587169e-02,,361,last0.5,SUPERCELL.dump
reciprocal,Fe,B,1,2,2.00000000e-01,8.00000000e-01,2.38511759e-02,9.54047035e-02,1.19255879e-01,1.96000000e+00,1.47345567e-01,1.64823714e-02,-1.66061703e-02,4.27283237e-02,,361,last0.5,SUPERCELL.dump
reciprocal,Fe,B,1,2,2.00000000e-01,8.00000000e-01,2.38511759e-02,9.54047035e-02,1.19255879e-01,1.97000000e+00,1.63711100e-01,1.77324913e-02,-1.91708559e-02,5.10010718e-02,,361,last0.5,SUPERCELL.dump
reciprocal,Fe,B,1,2,2.00000000e-01,8.00000000e-01,2.38511759e-02,9.54047035e-02,1.19255879e-01,1.98000000e+00,1.72836980e-01,1.85985855e-02,-2.04856618e-02,5.38329875e-02,,361,last0.5,SUPERCELL.dump
reciprocal,Fe,B,1,2,2.00000000e-01,8.00000000e-01,2.38511759e-02,9.54047035e-02,1.19255879e-01,1.99000000e+00,1.81725115e-01,1.97226045e-02,-2.17069138e-02,5.25777291e-02,,361,last0.5,SUPERCELL.dump
reciprocal,Fe,B,1,2,2.00000000e-01,8.00000000e-01,2.38511759e-02,9.54047035e-02,1.19255879e-01,2.00000000e+00,1.69912841e-01,1.81366595e-02,-2.01956675e-02,5.48257394e-02,,361,last0.5,SUPERCELL.dump
reciprocal,Fe,B,1,2,2.00000000e-01,8.00000000e-01,2.38511759e-02,9.54047035e-02,1.19255879e-01,2.01000000e+00,1.65741911e-01,1.83959788e-02,-1.87255616e-02,5.00022817e-02,,361,last0.5,SUPERCELL.dump
reciprocal,Fe,B,1,2,2.00000000e-01,8.00000000e-01,2.38511759e-02,9.54047035e-02,1.19255879e-01,2.02000000e+00,1.70899836e-01,1.86604090e-02,-2.00365745e-02,5.06611168e-02,,361,last0.5,SUPERCELL.dump
reciprocal,Fe,B,1,2,2.00000000e-01,8.00000000e-01,2.38511759e-02,9.54047035e-02,1.19255879e-01,2.03000000e+00,1.88301435e-01,2.02184400e-02,-2.25279838e-02,5.76824224e-02,,361,last0.5,SUPERCELL.dump
reciprocal,Fe,B,1,2,2.00000000e-01,8.00000000e-01,2.38511759e-02,9.54047035e-02,1.19255879e-01,2.04000000e+00,1.80321739e-01,1.99970479e-02,-2.04883002e-02,5.37515215e-02,,361,last0.5,SUPERCELL.dump
reciprocal,Fe,B,1,2,2.00000000e-01,8.00000000e-01,2.38511759e-02,9.54047035e-02,1.19255879e-01,2.05000000e+00,1.67585605e-01,1.88332377e-02,-1.84735427e-02,5.05190736e-02,,361,last0.5,SUPERCELL.dump
reciprocal,Fe,B,1,2,2.00000000e-01,8.00000000e-01,2.38511759e-02,9.54047035e-02,1.19255879e-01,2.06000000e+00,1.75893977e-01,1.92919006e-02,-2.02188046e-02,5.39889259e-02,,361,last0.5,SUPERCELL.dump
reciprocal,Fe,B,1,2,2.00000000e-01,8.00000000e-01,2.38511759e-02,9.54047035e-02,1.19255879e-01,2.07000000e+00,1.74049872e-01,1.90374069e-02,-1.98227930e-02,5.57309095e-02,,361,last0.5,SUPERCELL.dump
reciprocal,Fe,B,1,2,2.00000000e-01,8.00000000e-01,2.38511759e-02,9.54047035e-02,1.19255879e-01,2.08000000e+00,1.72051921e-01,1.91382495e-02,-1.90941685e-02,5.39897384e-02,,361,last0.5,SUPERCELL.dump
reciprocal,Fe,B,1,2,2.00000000e-01,8.00000000e-01,2.38511759e-02,9.54047035e-02,1.19255879e-01,2.09000000e+00,1.87437774e-01,2.04591194e-02,-2.14532175e-02,5.98547634e-02,,361,last0.5,SUPERCELL.dump
reciprocal,Fe,B,1,2,2.00000000e-01,8.00000000e-01,2.38511759e-02,9.54047035e-02,1.19255879e-01,2.10000000e+00,1.86036935e-01,2.03711250e-02,-2.10183528e-02,6.05651342e-02,,361,last0.5,SUPERCELL.dump
reciprocal,Fe,B,1,2,2.00000000e-01,8.00000000e-01,2.38511759e-02,9.54047035e-02,1.19255879e-01,2.11000000e+00,1.88662563e-01,2.11508499e-02,-2.10821997e-02,5.54068006e-02,,361,last0.5,SUPERCELL.dump
reciprocal,Fe,B,1,2,2.00000000e-01,8.00000000e-01,2.38511759e-02,9.54047035e-02,1.19255879e-01,2.12000000e+00,1.82726731e-01,2.04903581e-02,-2.02303338e-02,5.50925262e-02,,361,last0.5,SUPERCELL.dump
reciprocal,Fe,B,1,2,2.00000000e-01,8.00000000e-01,2.38511759e-02,9.54047035e-02,1.19255879e-01,2.13000000e+00,1.87489388e-01,2.12039190e-02,-2.01147182e-02,5.87998465e-02,,361,last0.5,SUPERCELL.dump
reciprocal,Fe,B,1,2,2.00000000e-01,8.00000000e-01,2.38511759e-02,9.54047035e-02,1.19255879e-01,2.14000000e+00,1.97411953e-01,2.17857333e-02,-2.19659351e-02,6.42641879e-02,,361,last0.5,SUPERCELL.dump
reciprocal,Fe,B,1,2,2.00000000e-01,8.00000000e-01,2.38511759e-02,9.54047035e-02,1.19255879e-01,2.15000000e+00,1.93977235e-01,2.20528368e-02,-2.11555755e-02,5.62331508e-02,,361,last0.5,SUPERCELL.dump
reciprocal,Fe,B,1,2,2.00000000e-01,8.00000000e-01,2.38511759e-02,9.54047035e-02,1.19255879e-01,2.16000000e+00,1.92603137e-01,2.17680528e-02,-2.08183498e-02,5.93907702e-02,,361,last0.5,SUPERCELL.dump
reciprocal,Fe,B,1,2,2.00000000e-01,8.00000000e-01,2.38511759e-02,9.54047035e-02,1.19255879e-01,2.17000000e+00,1.99957612e-01,2.24239436e-02,-2.18364169e-02,6.26785882e-02,,361,last0.5,SUPERCELL.dump
reciprocal,Fe,B,1,2,2.00000000e-01,8.00000000e-01,2.38511759e-02,9.54047035e-02,1.19255879e-01,2.18000000e+00,1.96320596e-01,2.22485106e-02,-2.13711572e-02,5.83642050e-02,,361,last0.5,SUPERCELL.dump
reciprocal,Fe,B,1,2,2.00000000e-01,8.00000000e-01,2.38511759e-02,9.54047035e-02,1.19255879e-01,2.19000000e+00,2.03007836e-01,2.31155174e-02,-2.14764017e-02,6.35874574e-02,,361,last0.5,SUPERCELL.dump
reciprocal,Fe,B,1,2,2.00000000e-01,8.00000000e-01,2.38511759e-02,9.54047035e-02,1.19255879e-01,2.20000000e+00,1.99808021e-01,2.24023024e-02,-2.12636341e-02,6.71611205e-02,,361,last0.5,SUPERCELL.dump
reciprocal,Fe,B,1,2,2.00000000e-01,8.00000000e-01,2.38511759e-02,9.54047035e-02,1.19255879e-01,2.21000000e+00,2.23927740e-01,2.41558129e-02,-2.54341024e-02,7.76516648e-02,,361,last0.5,SUPERCELL.dump
reciprocal,Fe,B,1,2,2.00000000e-01,8.00000000e-01,2.38511759e-02,9.54047035e-02,1.19255879e-01,2.22000000e+00,1.99198332e-01,2.24530947e-02,-2.05955252e-02,6.98755902e-02,,361,last0.5,SUPERCELL.dump
reciprocal,Fe,B,1,2,2.00000000e-01,8.00000000e-01,2.38511759e-02,9.54047035e-02,1.19255879e-01,2.23000000e+00,2.11997276e-01,2.33676043e-02,-2.28492019e-02,7.53727557e-02,,361,last0.5,SUPERCELL.dump
reciprocal,Fe,B,1,2,2.00000000e-01,8.00000000e-01,2.38511759e-02,9.54047035e-02,1.19255879e-01,2.24000000e+00,2.07257041e-01,2.36707164e-02,-2.10024371e-02,7.11645577e-02,,361,last0.5,SUPERCELL.dump
reciprocal,Fe,B,1,2,2.00000000e-01,8.00000000e-01,2.38511759e-02,9.54047035e-02,1.19255879e-01,2.25000000e+00,1.99011635e-01,2.28050453e-02,-2.01822909e-02,6.69936372e-02,,361,last0.5,SUPERCELL.dump
reciprocal,Fe,B,1,2,2.00000000e-01,8.00000000e-01,2.38511759e-02,9.54047035e-02,1.19255879e-01,2.26000000e+00,2.21388981e-01,2.40568930e-02,-2.39698748e-02,8.33791534e-02,,361,last0.5,SUPERCELL.dump
reciprocal,Fe,B,1,2,2.00000000e-01,8.00000000e-01,2.38511759e-02,9.54047035e-02,1.19255879e-01,2.27000000e+00,2.10758449e-01,2.35605541e-02,-2.16022643e-02,7.85676241e-02,,361,last0.5,SUPERCELL.dump
reciprocal,Fe,B,1,2,2.00000000e-01,8.00000000e-01,2.38511759e-02,9.54047035e-02,1.19255879e-01,2.28000000e+00,2.02689913e-01,2.28128076e-02,-1.99534933e-02,7.96662262e-02,,361,last0.5,SUPERCELL.dump
reciprocal,Fe,B,1,2,2.00000000e-01,8.00000000e-01,2.38511759e-02,9.54047035e-02,1.19255879e-01,2.29000000e+00,2.05086708e-01,2.31892371e-02,-1.98684493e-02,8.14695038e-02,,361,last0.5,SUPERCELL.dump
reciprocal,Fe,B,1,2,2.00000000e-01,8.00000000e-01,2.38511759e-02,9.54047035e-02,1.19255879e-01,2.30000000e+00,2.04932958e-01,2.37472932e-02,-1.93811383e-02,7.59807038e-02,,361,last0.5,SUPERCELL.dump
reciprocal,Fe,B,1,2,2.00000000e-01,8.00000000e-01,2.38511759e-02,9.54047035e-02,1.19255879e-01,2.31000000e+00,2.06957537e-01,2.35098604e-02,-2.00216176e-02,8.06918692e-02,,361,last0.5,SUPERCELL.dump
reciprocal,Fe,B,1,2,2.00000000e-01,8.00000000e-01,2.38511759e-02,9.54047035e-02,1.19255879e-01,2.32000000e+00,2.26591923e-01,2.39458708e-02,-2.40087622e-02,1.00356446e-01,,361,last0.5,SUPERCELL.dump
reciprocal,Fe,B,1,2,2.00000000e-01,8.00000000e-01,2.38511759e-02,9.54047035e-02,1.19255879e-01,2.33000000e+00,2.03156783e-01,2.37277233e-02,-1.82056122e-02,8.04025497e-02,,361,last0.5,SUPERCELL.dump
reciprocal,Fe,B,1,2,2.00000000e-01,8.00000000e-01,2.38511759e-02,9.54047035e-02,1.19255879e-01,2.34000000e+00,2.07066898e-01,2.57664275e-02,-1.74516423e-02,6.54726458e-02,,361,last0.5,SUPERCELL.dump
reciprocal,Fe,B,1,2,2.00000000e-01,8.00000000e-01,2.38511759e-02,9.54047035e-02,1.19255879e-01,2.35000000e+00,2.07183846e-01,2.35276338e-02,-2.00346659e-02,8.09778242e-02,,361,last0.5,SUPERCELL.dump
reciprocal,Fe,B,1,2,2.00000000e-01,8.00000000e-01,2.38511759e-02,9.54047035e-02,1.19255879e-01,2.36000000e+00,2.21349254e-01,2.47077398e-02,-2.12991756e-02,9.42127589e-02,,361,last0.5,SUPERCELL.dump
reciprocal,Fe,B,1,2,2.00000000e-01,8.00000000e-01,2.38511759e-02,9.54047035e-02,1.19255879e-01,2.37000000e+00,2.16065698e-01,2.43287240e-02,-1.90826722e-02,1.02256659e-01,,361,last0.5,SUPERCELL.dump
reciprocal,Fe,B,1,2,2.00000000e-01,8.00000000e-01,2.38511759e-02,9.54047035e-02,1.19255879e-01,2.38000000e+00,2.42672387e-01,2.55378986e-02,-2.49500067e-02,1.15296292e-01,,361,last0.5,SUPERCELL.dump
reciprocal,Fe,B,1,2,2.00000000e-01,8.00000000e-01,2.38511759e-02,9.54047035e-02,1.19255879e-01,2.39000000e+00,2.40919902e-01,2.54607986e-02,-2.28552800e-02,1.28062851e-01,,361,last0.5,SUPERCELL.dump
reciprocal,Fe,B,1,2,2.00000000e-01,8.00000000e-01,2.38511759e-02,9.54047035e-02,1.19255879e-01,2.40000000e+00,2.20208171e-01,2.55802716e-02,-1.98024910e-02,8.88237025e-02,,361,last0.5,SUPERCELL.dump
reciprocal,Fe,B,1,2,2.00000000e-01,8.00000000e-01,2.38511759e-02,9.54047035e-02,1.19255879e-01,2.41000000e+00,2.35374987e-01,2.53902954e-02,-2.21685686e-02,1.18153002e-01,,361,last0.5,SUPERCELL.dump
reciprocal,Fe,B,1,2,2.00000000e-01,8.00000000e-01,2.38511759e-02,9.54047035e-02,1.19255879e-01,2.42000000e+00,2.08104120e-01,2.43679460e-02,-1.67623724e-02,9.64548821e-02,,361,last0.5,SUPERCELL.dump
reciprocal,Fe,B,1,2,2.00000000e-01,8.00000000e-01,2.38511759e-02,9.54047035e-02,1.19255879e-01,2.43000000e+00,2.23448574e-01,2.62749085e-02,-1.84086623e-02,9.85210702e-02,,361,last0.5,SUPERCELL.dump
reciprocal,Fe,B,1,2,2.00000000e-01,8.00000000e-01,2.38511759e-02,9.54047035e-02,1.19255879e-01,2.44000000e+00,2.21099720e-01,2.42085159e-02,-1.96772815e-02,1.14431532e-01,,361,last0.5,SUPERCELL.dump
reciprocal,Fe,B,1,2,2.00000000e-01,8.00000000e-01,2.38511759e-02,9.54047035e-02,1.19255879e-01,2.45000000e+00,2.24044580e-01,2.44041369e-02,-1.80387606e-02,1.33189560e-01,,361,last0.5,SUPERCELL.dump
reciprocal,Fe,B,1,2,2.00000000e-01,8.00000000e-01,2.38511759e-02,9.54047035e-02,1.19255879e-01,2.46000000e+00,2.08405139e-01,2.45841336e-02,-1.62719726e-02,9.78165364e-02,,361,last0.5,SUPERCELL.dump
reciprocal,Fe,B,1,2,2.00000000e-01,8.00000000e-01,2.38511759e-02,9.54047035e-02,1.19255879e-01,2.47000000e+00,2.10889831e-01,2.62160569e-02,-1.51078512e-02,8.84265869e-02,,361,last0.5,SUPERCELL.dump
reciprocal,Fe,B,1,2,2.00000000e-01,8.00000000e-01,2.38511759e-02,9.54047035e-02,1.19255879e-01,2.48000000e+00,2.02392041e-01,2.54998355e-02,-1.46840521e-02,7.79412347e-02,,361,last0.5,SUPERCELL.dump
reciprocal,Fe,B,1,2,2.00000000e-01,8.00000000e-01,2.38511759e-02,9.54047035e-02,1.19255879e-01,2.49000000e+00,2.24584661e-01,2.73607554e-02,-1.59890646e-02,1.03891428e-01,,361,last0.5,SUPERCELL.dump
reciprocal,Fe,B,1,2,2.00000000e-01,8.00000000e-01,2.38511759e-02,9.54047035e-02,1.19255879e-01,2.51000000e+00,2.32236938e-01,2.73707320e-02,-1.83257225e-02,1.07853014e-01,,361,last0.5,SUPERCELL.dump
reciprocal,Fe,B,1,2,2.00000000e-01,8.00000000e-01,2.38511759e-02,9.54047035e-02,1.19255879e-01,2.52000000e+00,2.05876739e-01,2.59773345e-02,-1.32284932e-02,9.23349909e-02,,361,last0.5,SUPERCELL.dump
reciprocal,Fe,B,1,2,2.00000000e-01,8.00000000e-01,2.38511759e-02,9.54047035e-02,1.19255879e-01,2.53000000e+00,1.91398093e-01,2.47653763e-02,-1.04680325e-02,9.06434155e-02,,361,last0.5,SUPERCELL.dump
reciprocal,Fe,B,1,2,2.00000000e-01,8.00000000e-01,2.38511759e-02,9.54047035e-02,1.19255879e-01,2.54000000e+00,2.27246920e-01,2.65849721e-02,-1.31955252e-02,1.46589527e-01,,361,last0.5,SUPERCELL.dump
reciprocal,Fe,B,1,2,2.00000000e-01,8.00000000e-01,2.38511759e-02,9.54047035e-02,1.19255879e-01,2.56000000e+00,2.20770443e-01,2.68287270e-02,-1.34842456e-02,1.21070738e-01,,361,last0.5,SUPERCELL.dump
reciprocal,Fe,B,1,2,2.00000000e-01,8.00000000e-01,2.38511759e-02,9.54047035e-02,1.19255879e-01,2.57000000e+00,2.06050425e-01,2.76296560e-02,-7.80894337e-03,1.09772072e-01,,361,last0.5,SUPERCELL.dump
reciprocal,Fe,B,1,2,2.00000000e-01,8.00000000e-01,2.38511759e-02,9.54047035e-02,1.19255879e-01,2.58000000e+00,2.04386709e-01,2.68189998e-02,-1.07128911e-02,9.45507916e-02,,361,last0.5,SUPERCELL.dump
reciprocal,Fe,B,1,2,2.00000000e-01,8.00000000e-01,2.38511759e-02,9.54047035e-02,1.19255879e-01,2.59000000e+00,2.09824476e-01,2.81700400e-02,-1.32680142e-02,6.87053054e-02,,361,last0.5,SUPERCELL.dump
reciprocal,Fe,B,1,2,2.00000000e-01,8.00000000e-01,2.38511759e-02,9.54047035e-02,1.19255879e-01,2.61000000e+00,1.89720731e-01,2.74981238e-02,-9.28468630e-03,5.13853443e-02,,361,last0.5,SUPERCELL.dump
reciprocal,Fe,B,1,2,2.00000000e-01,8.00000000e-01,2.38511759e-02,9.54047035e-02,1.19255879e-01,2.62000000e+00,1.92132446e-01,2.71289055e-02,-7.89207757e-03,7.56239865e-02,,361,last0.5,SUPERCELL.dump
reciprocal,Fe,B,1,2,2.00000000e-01,8.00000000e-01,2.38511759e-02,9.54047035e-02,1.19255879e-01,2.64000000e+00,1.88131350e-01,2.66940820e-02,-5.24521028e-03,9.18272444e-02,,361,last0.5,SUPERCELL.dump
reciprocal,Fe,B,1,2,2.00000000e-01,8.00000000e-01,2.38511759e-02,9.54047035e-02,1.19255879e-01,2.67000000e+00,1.99717632e-01,2.95294601e-02,-6.99688905e-03,6.69910701e-02,,361,last0.5,SUPERCELL.dump
reciprocal,Fe,B,1,2,2.00000000e-01,8.00000000e-01,2.38511759e-02,9.54047035e-02,1.19255879e-01,2.71000000e+00,1.88842744e-01,2.78422344e-02,-7.30632456e-03,5.90888422e-02,,361,last0.5,SUPERCELL.dump
reciprocal,Fe,B,1,2,2.00000000e-01,8.00000000e-01,2.38511759e-02,9.54047035e-02,1.19255879e-01,2.72000000e+00,1.87368765e-01,2.92245038e-02,-4.07638691e-03,5.84175138e-02,,361,last0.5,SUPERCELL.dump
reciprocal,Fe,B,1,2,2.00000000e-01,8.00000000e-01,2.38511759e-02,9.54047035e-02,1.19255879e-01,2.76000000e+00,1.79750558e-01,2.89607208e-02,-3.01378712e-03,4.84259423e-02,,361,last0.5,SUPERCELL.dump
reciprocal,Fe,B,1,2,2.00000000e-01,8.00000000e-01,2.38511759e-02,9.54047035e-02,1.19255879e-01,2.81000000e+00,1.71606677e-01,2.83515915e-02,9.35921060e-06,5.80770403e-02,,361,last0.5,SUPERCELL.dump
