B_index,POSCAR_index,x_A,y_A,z_A,coordination_B,n_ring_3,n_ring_4,n_ring_5,n_ring_6,n_ring_7,n_ring_8
1,55,5.824784,3.986118,4.336170,5,3,0,1,0,0,3
2,56,5.026781,5.071321,1.330534,5,5,0,1,0,0,0
3,57,6.251873,2.799369,0.127207,4,0,0,2,3,0,0
4,58,4.711627,2.253450,7.844658,6,4,1,0,3,0,0
5,59,1.918592,6.346973,4.851099,5,2,1,0,0,2,0
6,60,0.912802,6.377464,2.938038,7,6,0,2,0,2,0
7,61,4.952584,3.867233,0.043254,6,5,0,2,1,0,0
8,62,3.554046,5.792402,1.056771,5,3,0,0,1,0,0
9,63,3.639481,4.120470,0.948420,5,3,0,0,1,0,0
10,64,1.723586,5.824960,6.697913,4,1,1,0,1,1,0
11,65,6.917071,5.912827,2.659935,4,2,0,1,1,0,0
12,66,4.786487,4.957922,8.623932,3,0,0,0,3,0,0
13,67,2.320632,1.149381,8.391566,4,1,0,3,1,0,0
14,68,5.346347,2.457343,6.035947,6,5,0,1,1,0,0
15,69,4.840195,5.437416,4.349331,4,1,1,0,0,0,1
16,70,6.333625,1.738391,1.750476,4,1,0,0,2,0,0
17,71,2.736204,2.221645,1.587341,5,2,1,0,1,0,0
18,72,1.563186,3.873748,7.342188,4,1,0,1,1,1,0
19,73,6.610175,1.229471,5.714811,5,3,0,2,0,0,0
20,74,3.104693,1.287152,7.076655,5,3,0,1,1,0,0
21,75,0.175422,3.301886,1.348209,5,3,1,0,0,0,0
22,76,4.332260,1.638847,2.195239,3,1,0,0,1,0,0
23,77,1.085286,1.481766,3.821744,5,2,1,1,0,1,0
24,78,5.865111,1.712330,9.008490,6,5,1,0,3,0,0
25,79,1.013120,7.806572,4.616954,5,4,0,1,0,3,0
26,80,6.851043,7.262086,5.669930,4,1,1,0,1,0,2
27,81,6.422767,2.397809,7.316076,7,7,0,1,1,0,0
28,82,0.888381,0.905255,5.758922,4,1,0,2,0,1,0
29,83,2.409213,6.714144,8.431179,6,5,0,0,1,0,0
30,84,3.524489,2.682936,6.265325,4,3,0,0,0,0,0
31,85,2.386206,7.221565,1.654968,5,3,0,3,1,0,0
32,86,0.665406,0.323047,0.769131,4,3,0,0,0,1,0
33,87,6.809317,3.733201,6.343475,6,5,0,0,2,0,0
34,88,7.162743,1.856240,3.063978,5,4,0,0,0,0,2
35,89,1.847238,2.140652,6.797136,5,2,0,2,0,0,0
36,90,5.385182,5.334401,7.204883,3,1,0,0,2,0,0
37,91,2.882544,2.260645,3.259395,3,1,1,0,0,0,0
38,92,3.391857,5.886418,4.945460,2,0,0,0,0,0,0
39,93,6.825774,5.607357,1.047879,5,2,0,2,2,0,0
40,94,3.899971,7.561268,7.654964,4,3,0,0,0,0,0
41,95,3.917994,6.347846,8.806839,4,2,0,0,1,0,0
42,96,1.128733,5.033933,3.878481,4,2,1,0,0,3,0
43,97,0.219625,4.905642,5.958320,4,1,1,0,0,5,0
44,98,0.649413,7.547667,1.427447,6,5,0,2,0,1,1
45,99,1.294376,0.703588,2.415873,5,3,1,0,0,1,0
46,100,5.906046,5.315302,5.799133,5,3,1,0,0,0,2
47,101,6.113925,7.017327,3.729285,5,2,1,2,0,0,1
48,102,1.093814,1.984243,1.237196,5,3,1,0,0,0,0
49,103,4.312883,3.543796,8.938000,4,0,1,0,4,0,0
50,104,1.539471,7.831886,9.241377,6,5,1,0,0,1,0
51,105,1.198940,3.826982,9.007597,6,5,0,1,1,1,0
52,106,7.229677,0.044724,6.795126,5,3,0,1,1,0,0
53,107,7.477534,3.648936,4.066296,4,1,0,1,0,0,6
54,108,14.508175,4.892097,2.796877,5,3,0,0,0,0,0
55,109,13.462193,3.439247,2.430525,5,5,0,0,0,0,0
56,110,8.026832,6.355260,4.102488,5,4,0,1,1,0,2
57,111,8.340530,7.273828,6.741080,4,1,0,1,1,0,1
58,112,12.988733,0.587192,3.641361,3,1,0,0,0,1,1
59,113,7.763346,1.726991,4.536150,5,4,0,1,0,0,1
60,114,9.018103,4.092006,4.296250,3,1,0,0,0,0,6
61,115,7.390911,2.260502,8.952313,6,5,0,1,1,0,0
62,116,14.062810,1.598445,4.731959,4,1,0,0,0,2,1
63,117,10.632009,7.094046,2.896043,6,6,0,0,1,0,0
64,118,7.526399,3.905681,1.064956,3,0,0,2,2,0,0
65,119,13.414025,5.624404,6.537350,3,0,0,1,0,5,0
66,120,11.141727,2.260710,4.228079,2,0,0,0,0,0,1
67,121,8.589795,0.832170,5.644202,6,4,0,1,1,0,0
68,122,8.802827,7.252110,2.961279,6,4,0,2,3,0,0
69,123,9.183554,3.780407,0.671808,6,5,0,0,2,0,0
70,124,11.877924,4.159293,1.563894,8,9,0,2,0,0,0
71,125,12.924081,7.333553,5.962820,4,2,0,1,0,4,0
72,126,11.708776,7.937862,7.013462,5,2,0,1,0,2,0
73,127,9.032044,0.259678,1.709951,6,4,0,0,3,0,3
74,128,12.834996,5.056605,2.803251,5,4,0,1,0,0,0
75,129,10.439087,3.788054,3.716706,5,2,0,3,0,0,4
76,130,11.129586,7.007612,8.285433,5,3,0,1,0,1,0
77,131,9.747653,1.892547,0.661278,6,5,0,0,3,0,3
78,132,9.334937,1.944797,6.743118,3,0,0,1,0,1,0
79,133,11.723917,5.294655,3.883175,6,5,0,3,0,0,0
80,134,10.563668,4.903490,0.624430,8,9,0,3,0,0,0
81,135,10.396006,3.271454,1.916359,6,5,0,3,0,0,4
82,136,9.454796,5.635919,6.711134,3,0,0,1,1,1,1
83,137,8.409494,0.439384,3.716452,6,5,0,0,1,0,2
84,138,8.256618,7.253566,8.684107,6,3,0,2,0,0,0
85,139,9.777459,6.305086,1.409287,5,3,0,2,4,0,0
86,140,10.030576,5.252052,4.920253,5,3,0,0,1,1,3
87,141,12.397054,5.919729,8.168413,6,4,0,1,0,1,0
88,142,13.140443,1.451934,0.715252,5,4,0,1,0,0,0
89,143,13.661033,4.099548,0.400559,6,6,0,0,0,0,0
90,144,12.411831,2.167472,5.851713,4,1,0,0,0,1,1
91,145,11.737918,2.545916,8.948115,5,3,0,0,2,1,0
92,146,10.939455,2.167055,7.069560,4,2,0,0,0,1,0
93,147,10.092012,6.963696,4.289010,6,4,0,0,2,1,2
94,148,12.401445,0.940819,2.097906,5,3,0,0,1,1,1
95,149,11.508194,1.985381,1.405060,6,5,0,0,1,0,1
96,150,12.731704,1.629604,7.419155,6,5,0,0,0,1,0
97,151,8.167397,2.793110,7.593404,5,3,0,1,0,1,0
98,152,10.601060,5.368615,7.927095,6,5,0,1,0,1,0
99,153,13.063477,1.549030,9.179065,6,5,0,0,3,0,0
100,154,7.623633,0.231935,2.277568,7,7,0,0,1,0,1
101,155,11.680938,4.353216,9.273695,6,5,0,0,2,1,0
102,156,9.766836,6.678234,9.329652,5,3,0,2,0,0,0
103,157,11.779900,6.248848,1.828663,8,9,0,2,1,0,0
104,158,13.953828,8.124077,5.085563,6,5,0,0,0,4,0
105,159,8.332745,3.754302,8.985547,5,2,0,2,0,1,0
106,160,14.489945,8.040852,3.191390,6,5,0,3,0,1,1
107,161,4.603559,15.988757,5.152457,5,5,0,0,0,0,0
108,162,3.709606,16.222525,6.550985,4,2,0,1,0,0,0
109,163,6.068347,8.339802,2.361790,5,3,0,2,0,0,0
110,164,6.408470,14.587587,4.637577,5,3,0,0,3,0,0
111,165,3.730297,8.868277,6.719202,5,4,0,0,0,0,0
112,166,2.790145,8.941663,2.216836,4,1,0,4,2,0,0
113,167,0.401384,8.987203,0.066432,4,2,0,0,0,1,2
114,168,7.186946,8.623046,9.008067,5,4,0,0,3,0,0
115,169,0.381337,13.536439,1.803600,2,0,0,0,0,0,0
116,170,1.935079,10.008738,7.010145,6,4,0,2,0,0,0
117,171,6.086844,15.189624,6.142915,5,3,0,1,1,0,0
118,172,7.129406,10.136489,8.185292,5,2,1,3,2,0,0
119,173,1.772642,8.741945,3.615890,4,1,0,4,1,0,0
120,174,2.697711,8.634790,8.036165,6,5,0,1,0,0,0
121,175,6.960458,11.961217,5.896637,6,3,0,5,0,0,0
122,176,3.682573,10.175182,5.602745,6,6,0,0,0,0,0
123,177,2.095255,15.982483,3.477982,3,1,0,1,0,0,0
124,178,3.525729,15.913836,0.669075,4,3,0,0,0,0,0
125,179,1.234863,11.197153,7.935602,6,4,0,4,0,0,0
126,180,3.392475,11.846229,6.661461,6,4,0,2,0,0,0
127,181,2.674803,12.691525,1.124839,5,3,0,0,0,2,0
128,182,4.070545,14.398096,5.884513,7,6,0,2,0,0,0
129,183,3.786648,14.100693,1.988929,5,3,0,0,3,1,0
130,184,4.352174,14.133746,3.768373,6,5,0,0,3,1,0
131,185,1.030273,15.572213,6.356967,7,7,0,2,0,1,0
132,186,0.534451,12.707468,6.415136,8,9,0,2,0,0,0
133,187,1.405395,12.854180,8.343274,6,6,0,1,0,0,0
134,188,1.107111,14.458759,9.172531,6,5,0,0,2,0,0
135,189,5.542771,9.773253,1.104978,6,5,0,0,4,0,0
136,190,4.683704,12.057705,7.896252,7,7,0,2,0,0,0
137,191,4.109667,13.540674,9.164556,6,5,0,2,0,0,0
138,192,1.733355,15.762010,8.114151,6,5,0,2,0,0,0
139,193,2.548665,14.000801,8.242663,6,5,0,2,0,0,0
140,194,5.389432,14.233819,7.720425,7,6,0,2,0,0,0
141,195,5.848492,11.045310,8.608147,7,7,1,2,1,0,0
142,196,2.643765,14.777717,6.659258,7,6,0,3,0,0,0
143,197,1.350628,13.951774,5.495843,7,8,0,0,0,0,0
144,198,5.200477,11.307870,1.886863,5,3,0,0,4,1,0
145,199,4.561135,9.387228,2.816055,5,3,0,0,2,0,0
146,200,2.379830,13.071938,6.932617,6,5,0,2,0,0,0
147,201,4.511433,10.346270,6.917169,6,4,1,2,0,0,0
148,202,5.239399,14.638636,0.904083,6,5,0,0,3,0,0
149,203,0.466378,14.819822,4.281008,5,3,1,1,0,0,0
150,204,4.609222,12.688286,1.257226,6,5,0,0,4,1,0
151,205,4.703200,11.109509,3.470381,6,4,0,0,3,1,0
152,206,3.259677,11.369665,4.455379,6,5,0,0,1,2,0
153,207,6.203554,12.553986,7.677875,6,5,0,4,0,0,0
154,208,7.033142,13.922725,8.654524,7,6,0,3,2,0,0
155,209,6.873806,14.974138,1.685988,6,5,0,0,3,0,0
156,210,6.910064,10.970303,1.441476,6,4,0,0,5,0,0
157,211,4.218044,12.807875,4.725012,6,5,0,1,1,1,0
158,212,0.206121,10.770204,6.640415,7,6,0,2,0,0,0
159,213,7.234477,8.975087,1.134814,6,5,0,0,4,0,0
160,214,2.316821,10.035165,4.838174,5,3,0,1,1,0,0
161,215,1.916038,9.265853,0.638907,5,3,0,1,2,2,1
162,216,1.608247,11.151984,3.716698,4,1,0,1,0,2,0
163,217,6.487252,11.019174,4.484940,6,4,0,1,1,0,0
164,218,1.970702,11.691998,2.199125,2,0,0,0,0,2,0
165,219,5.844000,12.738087,4.603522,6,5,0,0,2,0,0
166,220,0.545657,11.927323,5.097669,5,3,0,1,0,0,0
167,221,6.020210,10.420443,6.156471,4,1,1,4,0,0,0
168,222,13.461131,8.870555,6.823834,4,3,0,0,0,0,0
169,223,11.850524,8.193455,1.919834,3,1,0,0,2,0,0
170,224,8.023460,15.845857,8.605784,6,4,0,2,2,0,0
171,225,10.922567,14.852287,4.269836,4,3,0,0,0,0,0
172,226,10.316528,8.248966,5.429839,3,0,0,0,1,2,0
173,227,13.247747,12.542309,8.860211,6,4,0,3,2,0,0
174,228,11.798611,15.749829,3.126415,4,2,0,0,1,0,0
175,229,12.501268,12.193138,2.066490,5,4,0,0,0,0,1
176,230,11.657268,13.406592,8.709609,6,5,1,0,2,0,0
177,231,10.347144,15.149950,2.237377,6,5,0,0,1,0,0
178,232,10.709287,11.243454,4.629451,5,3,0,2,2,0,0
179,233,13.063118,16.269773,8.063512,6,5,0,0,2,1,0
180,234,8.608660,14.221995,8.539470,6,6,0,1,1,0,0
181,235,11.895131,12.062817,5.628613,5,2,0,5,0,0,0
182,236,9.955392,13.233008,8.441633,8,7,1,3,0,0,0
183,237,9.576376,13.778723,1.796236,6,5,0,0,4,0,0
184,238,8.246600,10.288362,2.189971,6,5,0,0,4,0,0
185,239,8.626587,8.773537,8.159717,5,3,0,1,1,0,0
186,240,11.807037,16.095198,6.901849,3,2,0,0,0,0,0
187,241,13.205935,9.233074,3.712171,4,2,1,0,0,0,1
188,242,8.119947,13.495063,2.727316,6,4,0,0,3,0,0
189,243,12.759052,10.784098,2.923088,4,1,1,1,0,0,1
190,244,10.520778,11.607165,0.127703,6,5,0,0,5,0,0
191,245,9.685843,10.038238,8.246442,6,4,0,1,1,1,0
192,246,7.501653,11.673335,3.049306,5,3,0,0,3,0,0
193,247,7.714004,8.667995,2.604321,5,3,0,2,2,0,0
194,248,7.862300,10.033811,3.949445,5,3,0,1,2,0,0
195,249,7.504911,15.078116,3.486012,5,3,0,0,3,0,0
196,250,14.283144,13.736243,3.244013,3,0,1,0,0,0,0
197,251,9.056814,11.374919,5.879092,6,5,0,3,0,1,0
198,252,13.008911,12.979874,4.460537,4,1,1,0,0,0,0
199,253,8.497989,12.833392,6.402872,5,4,0,1,0,0,0
200,254,14.522189,15.116396,7.676102,6,5,0,0,2,1,0
201,255,7.372426,12.062610,8.951301,7,6,0,3,3,0,0
202,256,11.981694,12.251587,0.232008,6,5,0,0,4,0,0
203,257,9.544226,9.982934,4.934625,4,1,0,1,2,1,0
204,258,11.006419,9.571488,0.603979,5,2,0,0,5,0,0
205,259,9.973750,11.339830,7.354181,6,4,0,3,0,1,0
206,260,10.674378,12.327201,1.503693,6,5,0,0,4,0,0
207,261,9.530536,15.059046,0.838817,6,5,0,0,4,0,0
208,262,8.131710,14.038335,0.931746,6,5,0,0,5,0,0
209,263,13.825611,16.279301,0.736986,5,3,0,2,0,1,0
210,264,9.027431,11.757679,9.106490,6,5,0,2,2,0,0
211,265,9.667984,13.914934,3.482891,5,4,0,0,1,0,0
212,266,13.177346,11.286992,0.379459,5,3,0,0,2,0,1
213,267,8.599838,15.552911,6.962421,5,4,0,0,0,0,0
214,268,10.931211,11.520382,2.906792,5,3,0,1,2,0,0
215,269,9.806517,10.837247,1.556644,5,3,0,0,4,0,0
216,270,9.538193,14.080879,6.878657,5,3,0,1,0,0,0
217,271,13.930224,10.851940,8.064423,4,2,0,4,0,0,0
218,272,9.546152,15.341829,9.350783,6,4,1,1,3,0,0
219,273,11.420435,15.272122,8.523458,6,4,1,0,2,0,0
220,274,11.465111,12.324746,7.381584,5,3,0,4,0,0,0
221,275,14.457844,13.517410,8.132063,6,5,0,3,2,0,0
222,276,14.224993,14.071884,6.153793,7,7,1,0,0,0,0
223,277,13.674420,9.853900,5.495089,5,3,1,0,0,0,0
224,278,13.301051,11.282562,5.052187,6,3,1,1,0,0,0
225,279,7.928685,15.868593,0.623627,6,5,0,0,5,0,0
226,280,10.277696,13.175571,5.011010,7,5,0,3,1,0,0
227,281,11.134494,8.629444,8.284067,4,2,0,0,0,1,0
228,282,6.793657,7.395299,10.315051,3,2,0,0,0,0,0
229,283,2.531823,2.746763,16.911402,5,3,0,0,2,0,0
230,284,2.313489,6.351493,10.200405,5,3,0,0,2,1,0
231,285,2.571363,5.266399,17.634956,4,2,0,0,3,0,0
232,286,5.281922,5.560627,18.408064,7,7,0,1,2,0,0
233,287,3.121007,3.673619,17.889365,5,3,0,0,2,0,0
234,288,3.920451,6.453368,18.048917,5,3,0,0,4,0,0
235,289,6.194945,3.130682,10.032035,4,1,1,1,4,0,0
236,290,6.166300,4.036023,14.862214,6,5,0,1,1,0,0
237,291,4.492082,4.792710,17.153512,6,5,0,0,4,0,0
238,292,6.523749,1.652077,17.680300,6,5,0,0,2,0,0
239,293,5.006760,4.868903,15.703472,6,5,0,0,4,0,0
240,294,4.316142,3.720603,14.465363,6,5,0,0,4,0,0
241,295,2.101918,7.772974,11.098643,6,4,1,0,0,0,0
242,296,1.685336,1.830838,14.338296,6,5,0,0,4,0,0
243,297,5.707565,0.271168,9.910248,5,3,0,1,4,0,0
244,298,5.744290,3.657245,13.326370,6,5,0,1,2,0,0
245,299,2.828240,0.527085,14.806537,6,5,0,0,4,0,0
246,300,1.062878,7.043743,13.885063,6,4,0,0,2,0,0
247,301,1.392459,7.258179,15.621529,6,5,0,0,3,2,0
248,302,6.414452,8.041727,13.026423,6,5,0,0,4,0,0
249,303,7.076653,7.796537,16.999227,6,5,0,0,5,0,0
250,304,0.036505,7.921398,14.959344,4,3,0,0,0,0,0
251,305,3.683712,8.001275,17.469293,6,5,0,0,4,0,0
252,306,3.190846,7.736519,12.355377,5,3,0,0,3,0,0
253,307,4.994365,0.586444,12.060389,4,2,0,0,4,0,0
254,308,1.838057,2.086440,9.653832,6,5,0,1,1,0,0
255,309,4.247802,7.786283,15.875047,6,5,0,0,5,0,0
256,310,5.346717,1.349522,16.278442,6,5,0,0,3,0,0
257,311,3.799221,4.313661,12.917959,6,5,0,0,2,0,0
258,312,1.583270,3.133398,15.477895,6,5,0,0,5,0,0
259,313,1.259803,0.284073,14.892820,6,5,0,0,5,0,0
260,314,2.732941,3.692321,12.043373,6,5,0,0,2,0,0
261,315,2.963162,2.283198,15.228002,6,5,0,0,4,0,0
262,316,4.708670,6.444983,15.069703,6,5,0,0,5,0,0
263,317,6.582540,0.358884,11.651415,5,3,0,0,7,0,0
264,318,5.792435,6.527859,13.503889,6,5,0,0,4,0,0
265,319,3.640359,1.549176,16.518470,5,3,0,0,3,0,0
266,320,4.110738,6.253596,13.153999,6,5,0,0,3,0,0
267,321,1.552623,4.928171,10.493904,6,5,0,0,2,1,0
268,322,3.523059,5.286490,14.458072,6,5,0,0,5,0,0
269,323,3.223530,3.419874,10.073634,6,5,0,0,2,0,0
270,324,5.290809,5.311316,12.436460,5,5,0,0,0,0,0
271,325,1.060203,1.450512,11.248464,6,5,0,0,3,0,0
272,326,2.707820,2.151130,11.343722,5,5,0,0,0,0,0
273,327,1.035847,4.284970,12.016513,6,5,0,0,3,0,0
274,328,6.283290,5.797620,15.042080,6,5,0,0,4,0,0
275,329,1.414506,2.602022,12.603341,6,5,0,0,4,0,0
276,330,6.072505,1.782217,12.824413,5,1,0,1,8,0,0
277,331,0.891641,5.243916,13.591970,5,3,0,0,3,0,0
278,332,6.902570,2.431013,16.034716,6,5,0,1,1,0,0
279,333,1.906782,5.789747,14.993766,6,5,0,0,5,0,0
280,334,1.111312,5.797992,16.572969,6,4,0,0,3,0,0
281,335,0.776467,4.549234,15.135687,6,5,0,0,5,0,0
282,336,6.838074,4.915529,13.554340,6,5,0,0,4,0,0
283,337,6.565793,1.224073,14.483952,6,5,0,1,2,0,0
284,338,7.098925,2.767842,11.535826,4,1,0,1,6,0,0
285,339,0.435969,0.392222,16.590730,6,4,0,1,2,0,0
286,340,0.104404,2.276210,9.789881,6,5,0,0,3,0,0
287,341,0.609437,2.223167,16.927078,6,5,0,0,1,0,0
288,342,7.912646,0.119468,15.102039,6,5,0,0,5,0,0
289,343,14.596353,1.398711,18.585747,7,5,1,1,0,0,0
290,344,7.756045,5.241141,9.656801,3,1,0,1,0,0,0
291,345,12.207893,4.969003,18.782143,6,7,0,0,0,0,0
292,346,14.471999,7.856112,9.870015,4,1,1,0,0,1,0
293,347,14.228742,3.061362,18.041833,5,3,1,0,1,0,0
294,348,9.508870,4.250534,17.782151,6,4,2,1,1,0,0
295,349,9.142268,2.541483,18.155161,5,3,1,0,3,0,0
296,350,11.527781,2.821450,15.456790,6,5,0,0,2,0,0
297,351,9.278312,6.564650,15.366663,6,5,0,0,4,0,0
298,352,10.822840,7.012497,12.818437,7,8,0,0,4,0,0
299,353,12.498586,7.652539,12.433660,5,5,0,0,0,0,0
300,354,7.860417,7.957178,18.552470,6,5,0,0,4,0,0
301,355,11.163662,4.866897,17.470449,6,5,1,1,0,0,0
302,356,7.642879,6.293441,16.077990,6,5,0,0,4,0,0
303,357,8.226530,1.662052,16.993131,6,5,0,0,3,0,0
304,358,10.931537,3.966864,14.199847,6,5,0,1,5,0,0
305,359,8.348745,1.827627,15.227549,6,5,0,0,2,0,0
306,360,9.236312,6.733377,12.413482,5,3,0,0,4,0,0
307,361,11.607595,1.414069,10.404619,5,3,0,0,4,0,0
308,362,7.351268,0.632001,9.699396,5,3,0,1,3,0,0
309,363,14.669943,4.058583,10.366847,6,5,0,0,2,2,0
310,364,13.107256,6.887531,9.790933,4,2,0,0,0,1,0
311,365,14.274964,7.663252,18.233275,3,1,0,0,0,2,0
312,366,9.092717,6.863001,18.746594,6,5,0,2,4,0,0
313,367,8.639474,5.480208,17.173834,6,5,1,1,1,0,0
314,368,13.451887,6.577684,13.787574,6,4,0,0,1,0,0
315,369,10.192683,6.488741,17.129293,6,5,1,1,0,0,0
316,370,13.192691,5.091264,9.901704,6,5,0,0,2,2,0
317,371,11.766870,4.835369,11.346287,6,5,0,0,5,0,0
318,372,14.631672,7.394778,16.701249,4,2,0,0,0,2,0
319,373,13.300137,2.167436,14.680593,6,5,0,0,4,0,0
320,374,13.780800,4.745396,14.381105,6,4,0,0,5,0,0
321,375,14.650693,1.465961,15.326267,6,5,0,0,4,0,0
322,376,12.660228,0.134799,9.803223,6,5,0,0,5,0,0
323,377,10.284038,6.313191,11.088901,6,5,0,0,2,0,0
324,378,11.944448,0.168522,16.121357,6,4,0,0,5,0,0
325,379,11.825341,6.842856,14.198717,6,6,0,0,3,0,0
326,380,10.203869,4.922271,9.824691,6,5,0,1,0,1,0
327,381,12.411462,1.063211,13.236641,6,5,0,0,5,0,0
328,382,13.879395,5.020503,16.196693,5,3,0,0,2,0,0
329,383,11.552345,0.571348,17.815786,5,3,0,1,3,0,0
330,384,10.110214,5.600015,14.129260,6,3,0,1,9,0,0
331,385,11.399309,2.047062,18.380436,6,3,1,1,3,0,0
332,386,8.436215,7.953761,15.527245,6,5,0,0,5,0,0
333,387,7.478579,6.277816,18.213946,7,6,0,0,4,0,0
334,388,14.595921,2.798231,11.734586,6,5,0,0,5,0,0
335,389,8.698373,3.323686,12.096428,4,2,0,1,1,0,0
336,390,11.294117,3.094468,17.116373,5,2,1,0,2,0,0
337,391,10.111825,2.830447,12.868502,6,5,0,1,0,0,0
338,392,13.064334,2.469660,12.808016,6,5,0,0,5,0,0
339,393,12.996393,4.162653,17.413662,6,4,0,0,2,0,0
340,394,10.562603,1.255333,13.301511,6,5,0,0,4,0,0
341,395,10.744706,0.031453,9.791499,5,4,0,0,2,0,0
342,396,12.983563,6.089721,15.182336,4,3,0,0,1,0,0
343,397,9.953953,2.317011,14.581033,6,5,0,0,2,0,0
344,398,7.422731,0.095774,17.861288,6,5,0,0,5,0,0
345,399,12.010220,6.491811,11.293246,6,5,0,0,1,0,0
346,400,11.313114,1.096741,14.769066,6,5,0,0,5,0,0
347,401,11.522113,3.703474,12.565054,6,5,0,0,5,0,0
348,402,11.529018,1.904999,12.095392,6,5,0,0,4,0,0
349,403,8.381137,5.158500,12.783705,5,2,0,1,4,0,0
350,404,12.536382,3.606942,14.158766,6,5,0,0,5,0,0
351,405,8.169779,4.279420,11.029031,5,3,0,1,1,0,0
352,406,4.507546,11.676264,9.841923,6,5,0,0,2,0,0
353,407,5.854540,16.241505,17.241331,6,5,0,0,4,0,0
354,408,2.812925,15.219082,17.946855,5,3,0,0,2,0,0
355,409,3.063877,10.730574,10.564493,6,4,0,0,2,0,0
356,410,2.274892,16.204453,16.438310,5,3,0,0,2,0,0
357,411,1.543739,10.739136,9.701079,5,3,0,2,0,0,0
358,412,1.298563,8.234004,12.679778,7,6,0,0,2,0,0
359,413,4.662199,15.343838,18.031858,6,5,0,0,4,0,0
360,414,5.916413,16.212460,15.490352,6,5,0,0,5,0,0
361,415,5.462881,14.769246,9.426807,6,5,0,1,2,0,0
362,416,0.752952,13.368957,18.636276,4,1,0,0,0,1,0
363,417,5.294694,13.505933,18.484930,6,5,0,0,5,0,0
364,418,2.520523,8.446739,16.338879,6,5,0,0,3,2,0
365,419,2.399156,13.728047,18.357902,5,3,0,0,0,1,0
366,420,0.150635,13.214531,16.959951,5,3,0,0,3,1,0
367,421,2.717645,9.208774,18.090412,6,5,0,0,2,2,1
368,422,3.529521,12.408177,18.360855,6,5,0,0,3,0,0
369,423,4.415300,9.396499,18.273673,6,5,0,0,4,0,0
370,424,3.827554,13.875686,17.274106,6,5,0,0,4,1,0
371,425,3.796676,9.559214,12.091359,5,3,0,0,4,0,0
372,426,4.668555,15.097657,12.812777,6,5,0,0,3,0,0
373,427,2.819433,9.193224,13.441851,6,5,0,1,4,0,0
374,428,6.537820,12.744702,17.805580,6,5,0,0,5,0,0
375,429,0.638193,16.151631,11.660991,6,5,0,0,3,0,0
376,430,5.227193,13.129908,10.643130,6,5,0,0,4,0,0
377,431,0.614094,15.534695,13.426319,6,5,0,0,5,0,0
378,432,3.202248,15.296773,14.253332,6,5,0,0,4,0,0
379,433,0.331503,14.557478,10.820021,6,5,0,0,2,0,0
380,434,1.109348,11.289077,11.382340,7,6,0,0,5,0,0
381,435,2.709960,11.138956,12.410680,6,5,0,0,6,0,0
382,436,5.421979,8.553703,17.146688,6,5,0,0,5,0,0
383,437,6.260368,11.608804,10.235768,6,5,0,0,6,0,0
384,438,2.342068,10.096369,16.296917,6,5,0,1,1,0,1
385,439,0.986997,12.817053,15.325453,5,3,0,0,6,1,0
386,440,5.025013,9.284151,15.275119,6,5,0,0,5,0,0
387,441,6.184696,11.049185,13.082861,6,5,0,0,5,0,0
388,442,3.646199,10.960705,17.385978,6,5,0,0,3,0,0
389,443,5.434716,9.385083,12.288007,6,5,0,0,4,0,0
390,444,4.924237,15.363616,14.501133,6,5,0,0,5,0,0
391,445,3.830218,10.803197,15.673111,6,5,0,0,5,0,0
392,446,5.219341,12.365480,13.494407,6,5,0,0,5,0,0
393,447,2.342851,13.465609,14.458055,7,6,1,0,4,1,0
394,448,3.361760,9.292277,15.256691,6,5,0,1,4,0,0
395,449,3.333367,12.529710,12.966850,6,5,0,0,6,0,0
396,450,4.613726,13.384754,12.127704,6,5,0,0,4,0,0
397,451,5.813014,13.856366,13.269654,6,5,0,0,5,0,0
398,452,3.587059,14.044192,15.590452,6,5,0,0,4,1,0
399,453,3.765998,12.527260,14.833000,6,5,0,0,5,0,0
400,454,2.961821,14.261757,12.671857,6,5,1,0,2,0,0
401,455,5.380671,13.349738,15.069225,6,5,0,0,5,0,0
402,456,5.168587,10.104834,16.898759,6,5,0,0,5,0,0
403,457,1.547886,14.605164,11.957288,6,5,1,0,2,0,0
404,458,1.176572,10.260837,13.402953,6,5,0,2,2,0,0
405,459,6.052446,9.349877,14.038398,6,5,0,0,5,0,0
406,460,0.470974,12.996132,11.558621,6,5,0,0,5,0,0
407,461,6.354058,11.282823,16.973622,6,5,0,0,5,0,0
408,462,6.762452,10.625029,11.490545,6,5,0,0,6,0,0
409,463,6.535637,12.609130,15.999709,6,5,0,0,5,0,0
410,464,0.036004,11.695241,15.864955,5,4,0,0,3,0,1
411,465,6.892594,13.276129,10.228411,6,5,0,0,6,0,0
412,466,2.462349,9.363952,9.766707,5,3,0,1,0,0,0
413,467,1.061595,10.887177,14.994963,5,2,0,2,4,0,1
414,468,0.523528,13.857150,13.631159,7,6,1,0,6,0,0
415,469,7.099234,9.037704,11.063235,7,6,0,0,3,0,0
416,470,7.249159,15.378292,16.641105,6,5,0,0,5,0,0
417,471,0.077581,9.998593,12.225815,6,5,0,1,2,0,0
418,472,7.962700,11.115043,12.672486,6,5,0,0,5,0,0
419,473,7.928766,10.495146,17.130490,6,5,0,0,5,0,0
420,474,12.570991,14.681556,12.342183,6,5,0,0,5,0,0
421,475,8.684347,13.402322,14.270507,6,5,0,0,5,0,0
422,476,10.949307,14.856797,15.539976,6,5,0,0,5,0,0
423,477,10.370662,15.790944,16.949076,6,5,0,0,5,0,0
424,478,9.042405,11.700006,18.160640,6,5,0,0,5,0,0
425,479,12.817694,11.771712,13.582360,6,5,0,0,6,0,0
426,480,7.459618,14.309899,13.103916,6,5,0,0,5,0,0
427,481,13.562859,13.630378,11.166553,6,5,0,0,5,0,0
428,482,11.877387,12.019458,15.554930,6,5,0,0,5,0,0
429,483,9.906293,13.249290,11.548091,6,5,0,1,4,0,0
430,484,10.820698,15.238533,18.369060,6,5,0,0,4,0,0
431,485,13.712131,13.221935,13.285317,6,5,0,0,6,0,0
432,486,9.468103,15.032388,11.268016,7,6,0,1,5,0,0
433,487,7.491373,11.427845,18.682360,6,5,0,0,5,0,0
434,488,8.538616,15.308212,13.885374,6,5,0,0,5,0,0
435,489,13.247448,10.321177,13.488211,5,3,0,1,2,0,0
436,490,8.102436,15.517385,12.016673,6,5,0,0,4,0,0
437,491,8.878199,13.057087,17.076710,6,5,0,0,5,0,0
438,492,11.863031,10.404811,16.544279,5,3,0,0,4,0,0
439,493,10.494575,11.015023,15.715572,6,5,0,0,5,0,0
440,494,13.632617,15.578718,11.035606,6,5,0,0,5,0,0
441,495,13.490019,14.338447,16.979321,6,5,0,0,3,0,0
442,496,10.623873,10.052170,14.004918,6,5,0,0,5,0,0
443,497,8.191094,13.754961,11.278810,6,5,0,0,6,0,0
444,498,8.231436,8.291449,12.510291,6,5,0,0,3,0,0
445,499,11.488590,9.896647,9.578612,5,4,0,0,0,0,0
446,500,8.650457,16.264179,16.512813,6,5,0,0,5,0,0
447,501,9.690485,8.273527,18.033506,6,5,0,0,5,0,0
448,502,14.467063,10.553880,18.744643,3,1,0,0,0,0,2
449,503,7.609048,10.376648,14.157462,6,5,0,0,5,0,0
450,504,9.931250,8.254017,16.445832,6,5,0,0,5,0,0
451,505,13.427393,10.791323,15.247738,6,4,0,1,4,0,0
452,506,8.588996,12.674795,12.627689,6,5,0,0,5,0,0
453,507,8.182858,12.835352,15.631473,6,5,0,0,5,0,0
454,508,13.517881,15.937154,16.792029,5,3,0,1,2,0,0
455,509,11.618206,8.882537,13.438061,7,6,0,0,3,0,0
456,510,8.026653,13.136884,18.453094,6,5,0,0,5,0,0
457,511,10.376872,14.076283,17.057862,6,5,0,0,5,0,0
458,512,9.925405,10.409574,10.114278,6,5,0,0,4,0,0
459,513,7.604842,13.927250,16.831241,6,5,0,0,5,0,0
460,514,8.446169,8.953861,17.047170,6,5,0,0,5,0,0
461,515,13.678225,16.042270,12.857475,6,5,0,0,5,0,0
462,516,11.063317,9.316715,15.557530,5,3,0,0,5,0,0
463,517,10.202191,13.323192,13.249590,6,5,0,0,5,0,0
464,518,10.084842,14.844166,13.939103,6,5,0,0,5,0,0
465,519,11.769360,10.677059,18.358707,5,3,0,0,4,0,0
466,520,13.048663,10.994461,9.755297,6,4,0,1,2,0,0
467,521,9.073352,11.474542,16.381516,6,5,0,0,5,0,0
468,522,10.491308,12.462958,10.147608,7,6,0,1,4,0,0
469,523,11.954045,13.658597,16.012147,6,5,0,0,5,0,0
470,524,12.502325,12.712826,10.199609,6,5,0,0,5,0,0
471,525,12.820376,14.930891,15.546165,6,5,0,0,5,0,0
472,526,11.625631,11.199393,10.922918,6,5,0,0,4,0,0
473,527,14.298864,9.968770,10.308299,6,4,0,1,2,0,0
474,528,14.598136,11.867348,17.945760,5,3,0,0,2,0,1
475,529,14.645011,8.542787,11.429933,5,4,1,0,0,0,0
476,530,13.265146,14.783112,13.823712,6,5,0,0,5,0,0
477,531,12.743543,15.383578,18.324791,6,4,0,2,0,0,0
478,532,9.796931,15.986787,12.737076,6,5,0,0,4,0,0
479,533,11.694635,10.702398,12.645136,6,5,0,0,4,0,0
480,534,8.692936,9.761808,11.407912,6,5,0,0,4,0,0
481,535,10.901179,11.808166,14.006532,6,5,0,0,5,0,0
482,536,8.979674,9.918008,13.503150,6,5,0,0,5,0,0
483,537,10.871458,14.672147,12.275761,6,5,0,0,5,0,0
484,538,7.762470,8.752544,14.072330,6,5,0,0,5,0,0
485,539,12.087653,13.816179,18.004933,6,5,0,0,4,0,0
486,540,7.390041,11.112043,15.597142,6,5,0,0,5,0,0
