temperature_K,FeB2_meV_atom,FeB4_meV_atom,FeB2_eV_fu,FeB4_eV_fu
0,38.23184031802107,5.321128460963109,0.11469552095406321,0.026605642304815547
10,38.232027824930626,5.321238114936122,0.11469608347479188,0.02660619057468061
20,38.23301182596772,5.321772548503745,0.11469903547790317,0.026608862742518724
30,38.23570311011082,5.323069688671467,0.11470710933033246,0.026615348443357334
40,38.242161662326524,5.325688946898666,0.11472648498697957,0.02662844473449333
50,38.25606740292464,5.330426454555948,0.11476820220877393,0.02665213227277974
60,38.28180721056462,5.338063729404041,0.11484542163169387,0.026690318647020206
70,38.32306336630431,5.349102661192262,0.11496919009891293,0.02674551330596131
80,38.382017779229116,5.3636499500822055,0.11514605333768735,0.026818249750411027
90,38.45929463747311,5.38144146266184,0.11537788391241932,0.0269072073133092
100,38.55429508778485,5.401932712016944,0.11566288526335455,0.027009663560084718
110,38.66562833153964,5.424406231592016,0.11599688499461891,0.02712203115796008
120,38.791484162674195,5.448064128080077,0.11637445248802258,0.027240320640400384
130,38.92990517370443,5.472098403020098,0.11678971552111328,0.02736049201510049
140,39.07896346653139,5.4957399757835645,0.11723689039959417,0.027478699878917823
150,39.236860408516705,5.5182875480657145,0.11771058122555011,0.027591437740328573
160,39.401979461496595,5.539124808565887,0.11820593838448978,0.027695624042829436
170,39.57290187211271,5.557725563317462,0.11871870561633813,0.027788627816587308
180,39.748405462653125,5.573653528388789,0.11924521638795937,0.027868267641943945
190,39.9274505241376,5.586557147754689,0.11978235157241279,0.027932785738773447
200,40.10916277283805,5.596162390121506,0.12032748831851414,0.02798081195060753
210,40.29281288085507,5.602264250240907,0.1208784386425652,0.028011321251204535
220,40.47779635216564,5.604717939259984,0.12143338905649692,0.028023589696299922
230,40.6636161912477,5.6034302823970705,0.1219908485737431,0.028017151411985353
240,40.849865917200745,5.598351375693866,0.12254959775160224,0.02799175687846933
250,41.03621514014577,5.589467745602761,0.12310864542043731,0.027947338728013804
260,41.22239769987601,5.576795715843019,0.12366719309962804,0.027883978579215096
270,41.40820023638625,5.5603756552464745,0.12422460070915875,0.027801878276232372
280,41.59345392723601,5.540267262009735,0.12478036178170804,0.027701336310048674
290,41.77802651283535,5.516545107049353,0.12533407953850606,0.027582725535246766
300,41.96181619301953,5.489295576555975,0.1258854485790586,0.027446477882779874
310,42.1447455524504,5.458613140843838,0.1264342366573512,0.027293065704219188
320,42.32675822102294,5.424598696080807,0.12698027466306883,0.027122993480404034
330,42.50781449782082,5.387356921387365,0.12752344349346245,0.026936784606936826
340,42.68788829943482,5.346995242421215,0.12806366489830445,0.026734976212106076
350,42.86696459767825,5.303621447588114,0.12860089379303474,0.02651810723794057
360,43.045038037670125,5.2573442062513465,0.12913511411301037,0.026286721031256732
370,43.22210977100127,5.208270218572508,0.12966632931300381,0.02604135109286254
380,43.398187282972955,5.15650525191802,0.13019456184891887,0.0257825262595901
390,43.573282290973125,5.102152378951175,0.13071984687291938,0.025510761894755873
400,43.74741068687982,5.045312703124694,0.13124223206063945,0.025226563515623468
410,43.92059075211385,4.9860839076760755,0.13176177225634156,0.024930419538380377
420,44.092843042472296,4.924561084783008,0.1322785291274169,0.02462280542391504
430,44.26418949566724,4.860835543661679,0.13279256848700172,0.024304177718308395
440,44.43465334492913,4.794995898812715,0.1333039600347874,0.023974979494063575
450,44.604258600818625,4.727127033609335,0.13381277580245587,0.023635635168046676
460,44.77302950421169,4.657310566674511,0.13431908851263508,0.023286552833372554
470,44.94099084298675,4.5856249037043995,0.13482297252896025,0.022928124518521997
480,45.10816677164975,4.512145185659122,0.13532450031494925,0.02256072592829561
490,45.2745820204985,4.436943392388315,0.1358237460614955,0.022184716961941575
500,45.44026034098181,4.360088342641788,0.13632078102294543,0.02180044171320894
510,45.60522539819267,4.281645849536275,0.13681567619457802,0.021408229247681376
520,45.769500540513874,4.201678979649515,0.13730850162154162,0.021008394898247573
530,45.93310819508112,4.120247845742497,0.13779932458524335,0.020601239228712487
540,46.09607047233766,4.037409762233324,0.13828821141701297,0.02018704881116662
550,46.25840859024066,3.9532198670304552,0.138775225770722,0.019766099335152276
560,46.420143536439085,3.8677304478760277,0.13926043060931725,0.01933865223938014
570,46.58129526215404,3.780991564196867,0.13974388578646213,0.018904957820984336
580,46.741883229177716,3.6930509434469627,0.14022564968753315,0.018465254717234814
590,46.90192620835454,3.603954292060507,0.14070577862506362,0.018019771460302536
600,47.06144242352828,3.513745243616029,0.14118432727058483,0.017568726218080144
610,47.22044949395432,3.4224653070040745,0.14166134848186296,0.017112326535020372
620,47.37896394488672,3.3301542810288964,0.14213689183466016,0.016650771405144482
630,47.53700247431247,3.2368502543747013,0.14261100742293742,0.016184251271873507
640,47.69458036953367,3.1425891392409255,0.143083741108601,0.015712945696204628
650,47.85171283147349,3.04740591503716,0.14355513849442048,0.015237029575185801
660,48.0084143413233,2.9513335401389895,0.1440252430239699,0.014756667700694948
670,48.16469903479792,2.8544036773894277,0.14449409710439376,0.014272018386947138
680,48.320580011179004,2.756646642279037,0.144961740033537,0.013783233211395185
690,48.47607048490943,2.658091351118941,0.14542821145472828,0.013290456755594704
700,48.631182662800754,2.558765528332785,0.14589354798840226,0.012793827641663924
710,48.78592863649445,2.4586956546261973,0.14635778590948334,0.012293478273130987
720,48.940319950636635,2.357907226107514,0.1468209598519099,0.01178953613053757
730,49.094367487716895,2.256424184233552,0.14728310246315068,0.01128212092116776
740,49.24808192868646,2.1542701595436142,0.14774424578605938,0.010771350797718071
750,49.40147358023239,2.0514671242874982,0.14820442074069717,0.010257335621437491
760,49.55455220204463,1.9480365843236314,0.1486636566061339,0.009740182921618157
770,49.70732709317893,1.8439988018013054,0.1491219812795368,0.009219994009006527
780,49.859807581475124,1.7393737279398636,0.14957942274442537,0.008696868639699318
790,50.01200256293359,1.6341800184243027,0.15003600768880077,0.008170900092121514
800,50.1639201850157,1.528435603438183,0.1504917605550471,0.007642178017190915
810,50.315568537618205,1.4221577913158256,0.15094670561285461,0.007110788956579128
820,50.466955624255405,1.3153634758147348,0.15140086687276622,0.006576817379073674
830,50.618088959021534,1.2080683588049368,0.1518542668770646,0.006040341794024684
840,50.768975681750206,1.1002878312247333,0.15230692704525062,0.005501439156123666
850,50.91962278832618,0.9920366103379763,0.15275886836497854,0.0049601830516898815
860,51.070037101883514,0.8833289988352533,0.15321011130565054,0.0044166449941762664
870,51.2202250137328,0.7741784184496225,0.1536606750411984,0.0038708920922481127
880,51.370192684851546,0.6645979799788648,0.15411057805455464,0.003322989899894324
890,51.5199462186402,0.55460032783472,0.1545598386559206,0.0027730016391736
900,51.6694917185081,0.4441978473170849,0.1550084751555243,0.0022209892365854245
910,51.81883445295732,0.3334017318383786,0.15545650335887196,0.0016670086591918931
920,51.96797974806522,0.22222338209232362,0.15590393924419566,0.001111116910461618
930,52.11693295871278,0.11067357692340352,0.15635079887613834,0.0005533678846170176
940,52.2656992958197,-0.00123716393396478,0.1567970978874591,-6.1858196698239e-06
950,52.41428327935793,-0.11349883896549784,0.1572428498380738,-0.0005674941948274892
960,52.56268991872837,-0.22610165393111004,0.1576880697561851,-0.0011305082696555502
970,52.71092358995233,-0.33903659191736324,0.158132770769857,-0.0016951829595868162
980,52.858988697847664,-0.4522943769043053,0.158576966093543,-0.0022614718845215265
990,53.00688947449039,-0.5658664583680917,0.15902066842347118,-0.0028293322918404584
1000,53.154630036795325,-0.679744389428194,0.15946389011038598,-0.00339872194714097
1010,53.30221415620784,-0.7939201896025594,0.15990664246862352,-0.003969600948012797
1020,53.449646093596925,-0.9083858265732658,0.16034893828079078,-0.004541929132866329
1030,53.596928958238976,-1.023134200822895,0.16079078687471693,-0.005115671004114475
1040,53.744066751898245,-1.1381576427886841,0.16123220025569474,-0.005690788213943421
1050,53.891062785375254,-1.2534492602309655,0.16167318835612576,-0.006267246301154827
1060,54.037920686173635,-1.3690020572703077,0.1621137620585209,-0.006845010286351538
1070,54.184643131725,-1.4848099189848085,0.162553929395175,-0.007424049594924043
1080,54.33123389347294,-1.6008659531365765,0.16299370168041882,-0.008004329765682883
1090,54.47769536095315,-1.7171644593769742,0.16343308608285945,-0.00858582229688487
1100,54.62403110408509,-1.8336991673209013,0.16387209331225527,-0.009168495836604507
1110,54.77024371393924,-1.950464532086471,0.1643107311418177,-0.009752322660432355
1120,54.9163358679472,-2.067454853326822,0.1647490076038416,-0.010337274266634111
1130,55.06231015717589,-2.1846649489027925,0.16518693047152766,-0.010923324744513963
1140,55.208169690908804,-2.3020892221143896,0.1656245090727264,-0.011510446110571948
1150,55.3539164268404,-2.4197230090354793,0.1660617492805212,-0.012098615045177397
1160,55.49955315756527,-2.5375610757105704,0.16649865947269582,-0.012687805378552852
1170,55.64508209988439,-2.6555989136856084,0.16693524629965317,-0.013277994568428042
1180,55.79050558576171,-2.773831859034459,0.16737151675728512,-0.013869159295172295
1190,55.93582577441758,-2.892255455124726,0.16780747732325274,-0.01446127727562363
1200,56.081045026603604,-3.010865348963776,0.1682431350798108,-0.01505432674481888
1210,56.22616544396131,-3.129657291195187,0.16867849633188392,-0.015648286455975935
1220,56.371188869029254,-3.248627291581485,0.16911356660708776,-0.016243136457907426
1230,56.51611748982077,-3.367771359878091,0.16954835246946232,-0.016838856799390456
1240,56.660953062499075,-3.4870857131235056,0.16998285918749723,-0.017435428565617528
1250,56.80569760234455,-3.606566620183216,0.17041709280703365,-0.01803283310091608
1260,56.95035286552219,-3.726210401740815,0.17085105859656657,-0.018631052008704074
1270,57.09492063699173,-3.846013637584633,0.1712847619109752,-0.019230068187923166
1280,57.23940261533933,-3.965972803868567,0.171718207846018,-0.019829864019342835
1290,57.3838006431,-4.086084687664027,0.1721514019293,-0.020430423438320133
1300,57.5281160158152,-4.206346076047751,0.1725843480474456,-0.021031730380238756
1310,57.67235069117227,-4.326753756100032,0.1730170520735168,-0.021633768780500162
1320,57.816506108656185,-4.447304722180689,0.17344951832596855,-0.022236523610903447
1330,57.96058350622246,-4.567996227757831,0.1738817505186674,-0.022839981138789156
1340,58.10458458245549,-4.688825111728079,0.17431375374736646,-0.023444125558640394
1350,58.24851083442084,-4.809788627561318,0.17474553250326252,-0.02404894313780659
1360,58.39236341370402,-4.930884287832171,0.17517709024111205,-0.024654421439160856
1370,58.53614393252471,-5.052109086904011,0.17560843179757413,-0.025260545434520054
1380,58.679853398516,-5.17346079645975,0.176039560195548,-0.02586730398229875
1390,58.82349342390292,-5.294936618140511,0.17647048027170875,-0.026474683090702555
1400,58.967065102688565,-5.4165343754561945,0.1769011953080657,-0.027082671877280973
1410,59.11056952887783,-5.538251529157989,0.1773317085866335,-0.027691257645789946
1420,59.25400794043156,-5.660085799105374,0.1777620238212947,-0.028300428995526872
1430,59.397381776824076,-5.782034956984816,0.17819214533047223,-0.02891017478492408
1440,59.54069190174849,-5.904096774472123,0.17862207570524546,-0.029520483872360614
1450,59.683939265264385,-6.026269334183709,0.17905181779579316,-0.030131346670918546
1460,59.82712530684786,-6.148550148690646,0.17948137592054358,-0.03074275074345323
1470,59.970250918983226,-6.270937456068992,0.17991075275694968,-0.03135468728034496
1480,60.11331693656885,-6.3934292871064,0.18033995080970655,-0.031967146435532
1490,60.256324626346114,-6.516023672588744,0.18076897387903834,-0.03258011836294372
1500,60.399274938378156,-6.638718539669242,0.18119782481513447,-0.03319359269834621
1510,60.54216856360917,-6.761512437345019,0.1816265056908275,-0.03380756218672509
1520,60.6850067112088,-6.884403240944081,0.1820550201336264,-0.03442201620472041
1530,60.827790216077204,-7.007389395822017,0.1824833706482316,-0.035036946979110084
1540,60.97051997069158,-7.130469088233227,0.18291155991207475,-0.03565234544116613
1550,61.113196550843796,-7.253640711716969,0.1833395896525314,-0.036268203558584844
1560,61.25582130964702,-7.376902659812501,0.18376746392894105,-0.036884513299062505
1570,61.398394477420126,-7.50025348151695,0.18419518343226038,-0.03750126740758475
1580,61.54091749364454,-7.623691207625072,0.18462275248093363,-0.03811845603812536
1590,61.68339058863559,-7.74721485352714,0.18505017176590677,-0.0387360742676357
1600,61.82581500035056,-7.8708225536558984,0.18547744500105168,-0.03935411276827949
1610,61.96819101668183,-7.994513167945527,0.18590457305004549,-0.039972565839727636
1620,62.11051981800786,-8.118284934461428,0.18633155945402358,-0.04059142467230714
1630,62.25280183617343,-8.242136816784651,0.1867584055085203,-0.041210684083923255
1640,62.39503770454746,-8.366067363915874,0.1871851131136424,-0.04183033681957937
1650,62.537228344401896,-8.4900752803172,0.1876116850332057,-0.042450376401586
1660,62.67937436031623,-8.614159166814517,0.1880381230809487,-0.043070795834072584
1670,62.82147644324354,-8.738317883342006,0.18846442932973062,-0.04369158941671003
1680,62.963534996237414,-8.86255018618165,0.18889060498871224,-0.04431275093090825
1690,63.105550969359214,-8.986854883445972,0.18931665290807764,-0.04493427441722986
1700,63.24752470807837,-9.111230783242164,0.18974257412423512,-0.04555615391621082
1710,63.38945707609156,-9.23567684914417,0.19016837122827468,-0.04617838424572085
1720,63.53134853402764,-9.360191681976104,0.19059404560208293,-0.04680095840988052
1730,63.673199484943765,-9.484774608059965,0.1910195984548313,-0.047423873040299824
1740,63.81501070615947,-9.609424228214536,0.1914450321184784,-0.04804712114107268
1750,63.95678283104722,-9.734139557844301,0.19187034849314166,-0.048670697789221506
1760,64.09851608992234,-9.85891976779918,0.19229554826976702,-0.049294598838995896
1770,64.24021128889557,-9.98376361437181,0.1927206338666867,-0.04991881807185905
1780,64.38186894618525,-10.108670061130809,0.19314560683855575,-0.050543350305654045
1790,64.52348929209961,-10.233638538045042,0.19357046787629884,-0.05116819269022521
1800,64.66507316154413,-10.358667749580164,0.1939952194846324,-0.05179333874790082
1810,64.80662095757239,-10.483756814771539,0.19441986287271718,-0.052418784073857694
1820,64.94813293929091,-10.608905008119507,0.19484439881787274,-0.053044525040597534
1830,65.08960979765277,-10.734111293201565,0.1952688293929583,-0.053670556466007824
1840,65.23105190692036,-10.859374789053078,0.19569315572076107,-0.05429687394526539
1850,65.37245984288553,-10.984694821994267,0.1961173795286566,-0.05492347410997134
1860,65.51383389344956,-11.110070355599078,0.19654150168034867,-0.05555035177799539
1870,65.65517443287483,-11.235500768011164,0.1969655232986245,-0.05617750384005582
1880,65.79648215211265,-11.360985230089327,0.19738944645633794,-0.05680492615044663
1890,65.93775733905893,-11.48652270540751,0.1978132720171768,-0.057432613527037546
1900,66.07900031040082,-11.612112779394224,0.19823700093120245,-0.05806056389697112
1910,66.22021152677249,-11.737754467445072,0.19866063458031746,-0.05868877233722536
1920,66.36139142001696,-11.863447147701933,0.19908417426005087,-0.059317235738509666
1930,66.50254039319137,-11.989190094665148,0.1995076211795741,-0.05994595047332574
1940,66.64365861903221,-12.114982634660265,0.19993097585709663,-0.060574913173301326
1950,66.7847468172802,-12.24082393854431,0.20035424045184058,-0.06120411969272155
1960,66.92580510309476,-12.366713436279042,0.20077741530928428,-0.06183356718139521
1970,67.06683382195067,-12.492650402371908,0.201200501465852,-0.06246325201185954
1980,67.20783346327153,-12.618634370427984,0.20162350038981458,-0.06309317185213992
1990,67.34880440132507,-12.744664304017661,0.2020464132039752,-0.0637233215200883
2000,67.48974692400544,-12.870739944037979,0.20246924077201633,-0.0643536997201899
