B_index,x_A,y_A,z_A,coordination_B
1,2.844323,15.178529,2.567531,5
2,2.198212,3.276980,13.746362,5
3,4.818012,0.668228,2.326493,5
4,3.658444,3.735743,0.978369,5
5,5.687170,2.935928,4.435490,4
6,5.155744,4.291172,1.571807,6
7,4.832256,14.530172,5.843369,6
8,2.407444,3.534228,6.046410,4
9,6.304356,5.182257,2.846845,4
10,0.566704,14.989900,4.576300,5
11,7.004788,8.645214,13.791500,4
12,16.424912,6.929700,3.223560,4
13,5.533433,10.979200,1.059969,5
14,5.058833,4.438043,3.770445,4
15,3.340212,8.137514,0.342331,5
16,2.277767,6.466172,5.533969,2
17,3.313010,0.929614,2.956331,4
18,5.735320,15.595772,12.109262,6
19,2.813644,0.605959,4.890062,4
20,9.808810,4.643514,2.629138,6
21,-0.004525,5.601300,2.491676,4
22,8.074256,1.795843,3.065907,5
23,1.342360,15.643382,1.712345,5
24,4.500112,5.142757,7.198555,3
25,3.233456,14.236736,5.422662,5
26,11.037564,8.742528,11.774021,3
27,6.936967,1.665957,6.979893,5
28,7.351377,6.999528,4.664107,3
29,8.365656,1.822814,0.644676,4
30,8.105956,3.046143,1.879962,7
31,9.770150,4.043214,8.109240,3
32,7.820367,3.252428,3.890069,6
33,7.538856,0.853885,4.418738,5
34,17.001956,-0.018348,4.467970,4
35,3.759488,3.587414,7.325093,4
36,1.412367,4.816400,5.543393,6
37,5.621977,1.153657,3.932831,5
38,0.767356,2.267728,3.654376,4
39,2.331433,2.012772,3.868793,4
40,9.676612,1.667830,2.661562,7
41,2.504356,12.762100,4.839714,6
42,2.885812,6.661514,3.840331,3
43,10.056600,6.133214,5.821407,3
44,4.400020,5.420886,0.596393,5
45,0.371176,5.401314,6.959424,4
46,17.201667,4.334643,5.498693,6
47,9.998767,3.565440,4.037407,7
48,1.732412,7.096514,0.103993,4
49,9.389188,9.904170,6.212321,5
50,7.940250,4.851643,2.832610,5
51,7.969388,0.563697,7.328341,6
52,14.328484,4.211614,6.480369,6
53,11.398100,5.872443,7.150038,5
54,11.010600,2.037514,4.006538,6
55,2.572935,3.812414,3.745007,5
56,12.038967,7.494114,13.785797,4
57,11.128556,5.248757,1.409207,6
58,15.051256,8.721043,0.674262,5
59,8.400623,5.917314,0.230031,5
60,11.845700,2.866590,0.071386,4
61,14.855767,0.346943,2.487120,4
62,10.563933,7.829436,2.577407,3
63,11.513577,14.364457,5.454560,6
64,14.005454,3.961886,2.145169,3
65,15.510200,5.381286,5.810371,6
66,15.360300,6.626643,4.428769,6
67,0.424151,4.120930,1.215176,4
68,5.316877,5.290814,5.677038,2
69,16.851700,9.238343,0.918262,5
70,11.283233,6.829620,8.863569,4
71,17.322756,2.814914,6.372069,4
72,1.170812,1.061743,1.112424,3
73,1.411612,14.503357,3.019162,5
74,14.491400,4.559070,4.751914,6
75,14.316744,2.503930,7.245176,6
76,12.312100,0.984986,4.516071,5
77,14.996756,3.233286,3.735007,5
78,1.484512,4.685186,2.436476,4
79,12.462934,1.990428,7.576193,6
80,16.870100,7.968557,6.277038,3
81,16.933600,7.677228,8.790871,4
82,13.851733,5.942157,0.127393,5
83,8.626854,3.858128,5.165269,3
84,13.310277,1.837414,6.009276,7
85,8.488488,4.448414,1.145960,6
86,11.317600,1.955540,1.997169,4
87,13.472900,7.408143,3.280376,3
88,7.561830,6.566114,11.520993,5
89,15.372956,5.163243,13.931238,3
90,10.909567,1.370014,7.696762,5
91,11.239404,10.338857,0.384131,4
92,10.768956,5.088572,4.360876,5
93,16.638421,1.190957,5.530401,5
94,14.547788,5.507360,7.630424,6
95,0.761656,4.180114,4.108324,7
96,8.902688,8.277443,2.443931,5
97,11.814256,3.810643,4.749745,5
98,14.312812,13.549414,3.550269,5
99,10.601174,1.017414,5.504738,5
100,0.886356,12.380743,4.722538,4
101,10.921934,6.104514,2.834631,4
102,3.792756,9.983372,10.687962,3
103,2.842644,9.803428,1.434138,6
104,1.993540,1.586186,13.433669,4
105,6.725270,7.819172,3.201269,7
106,4.533944,0.225343,5.523881,6
107,3.011367,11.683728,7.894769,5
108,3.316856,6.553346,1.139893,3
109,3.654267,1.172386,13.340993,4
110,1.068656,10.721943,2.672624,6
111,2.945440,9.747872,13.867438,4
112,1.544120,11.677171,1.309938,4
113,15.514200,12.020014,12.888301,5
114,10.878321,10.487486,5.276738,7
115,13.144000,14.458366,5.970869,5
116,1.430920,11.291014,8.611455,3
117,16.428384,10.627200,1.900207,4
118,2.247767,14.521814,0.760269,4
119,5.653750,9.297186,0.806278,5
120,1.592256,8.976596,1.911869,4
121,7.907156,9.583929,4.997793,6
122,5.887967,16.119328,1.271176,5
123,5.207456,9.079528,3.815262,6
124,-0.016377,13.744100,5.449538,3
125,2.149012,12.943466,0.302369,4
126,5.975012,13.346672,6.167124,7
127,3.958367,11.506657,4.799576,4
128,0.431856,10.838243,5.513238,5
129,4.483856,9.874657,2.026469,4
130,7.181050,14.958700,0.269038,5
131,3.495312,12.282429,3.359438,4
132,6.843160,12.594428,4.596014,7
133,2.466133,11.007114,5.777480,7
134,0.526687,8.081257,0.873562,5
135,6.825479,9.515071,3.668431,7
136,6.281033,14.253543,4.698986,6
137,7.394920,13.990057,1.993120,6
138,5.671277,11.734600,5.276191,4
139,3.063644,13.887543,3.795931,6
140,6.974344,10.284800,0.679607,6
141,6.015167,13.421572,3.186493,6
142,7.393456,12.206714,2.928407,6
143,1.940056,15.509100,5.680207,5
144,4.404412,13.249743,2.522776,4
145,7.743514,15.160800,4.584338,5
146,0.306256,12.160136,2.098331,3
147,8.554367,15.084672,2.877238,6
148,8.259988,8.256806,3.955955,6
149,3.504956,9.904114,6.874245,5
150,8.544456,12.601566,4.214362,5
151,15.040534,10.973300,4.751410,3
152,14.362754,13.270700,6.841562,4
153,11.500100,14.494071,3.699730,5
154,9.216223,10.993228,4.605538,6
155,12.694356,15.551814,4.399061,5
156,15.569867,12.457072,4.042069,2
157,16.023556,8.022843,4.588460,4
158,15.771521,9.708928,3.758662,3
159,17.398356,15.558414,2.909238,5
160,17.005788,3.132757,4.445893,6
161,10.407056,13.509926,6.541351,4
162,13.939074,15.310600,8.289007,5
163,12.449533,12.811314,3.560231,5
164,16.279456,14.714228,1.786350,3
165,1.790550,15.852329,7.496307,6
166,13.833300,11.610772,13.516969,4
167,13.824900,11.536376,1.188869,2
168,10.186677,13.002057,1.728207,5
169,15.533800,1.547314,1.694962,3
170,13.011133,14.443266,1.036107,5
171,13.157988,11.791828,7.204893,5
172,13.529300,8.036586,7.784010,3
173,15.975477,13.584572,12.825952,6
174,12.674656,0.350114,13.008555,4
175,9.935400,16.010014,1.839824,4
176,5.018588,12.225706,0.090462,4
177,10.066233,15.475188,11.119371,5
178,14.893700,1.010228,6.202900,7
179,16.386133,10.752814,8.354569,3
180,8.930800,0.074814,5.378960,5
181,10.756012,8.775976,6.056893,4
182,13.322394,12.896872,1.987231,6
183,12.388533,8.906957,5.470438,3
184,14.353912,1.861186,4.511338,6
185,10.195856,14.619506,2.540538,6
186,7.524856,10.613328,2.326831,5
187,8.604510,9.925670,1.257131,6
188,8.402656,12.735014,10.019400,3
189,8.811356,13.487000,2.675069,6
190,11.769100,13.586400,2.130407,6
191,11.956400,11.310257,4.152841,4
192,12.131456,13.177628,6.644369,6
193,10.649000,15.665128,7.732538,5
194,10.247014,10.722243,3.497307,4
195,1.123488,9.951814,4.226407,4
196,14.210056,15.245043,3.582569,5
197,8.728788,9.875257,3.299545,8
198,9.911344,11.232157,1.068262,5
199,15.398044,9.463010,12.057500,6
200,14.676100,14.510357,2.180669,6
201,16.509200,14.724472,13.949462,5
202,0.709712,2.573129,7.982140,5
203,6.421856,0.092486,13.576445,5
204,3.420212,0.689673,7.337669,5
205,3.434756,4.724615,13.447200,6
206,2.888788,7.220060,8.004262,2
207,5.076844,2.669028,1.305731,5
208,2.259112,3.397786,8.272307,7
209,0.585267,9.091214,10.772083,4
210,6.135144,0.476772,7.920507,7
211,1.023456,6.295843,12.857438,4
212,4.818312,4.165390,12.238151,6
213,6.697777,3.036428,0.626238,6
214,3.830312,-0.030043,9.959369,5
215,2.048623,8.229010,3.699650,4
216,7.643656,4.605071,10.456100,7
217,2.858656,3.258586,9.817993,6
218,2.701056,6.297276,9.308507,4
219,6.665956,8.431414,8.252824,5
220,4.291270,14.332857,7.880362,6
221,8.633812,6.446685,10.022169,6
222,5.280144,5.439900,13.129816,6
223,7.673820,8.417314,12.175341,3
224,3.974544,2.138472,8.049280,5
225,9.482374,2.170470,13.352800,3
226,5.845044,14.397128,1.181700,5
227,8.160612,13.762400,12.298311,5
228,5.599712,2.721357,12.188024,4
229,4.905188,5.329657,10.955424,6
230,0.297044,4.762828,9.832811,6
231,8.353377,2.047450,10.625400,4
232,5.898888,4.893914,8.256269,5
233,6.792256,3.343614,8.551538,5
234,3.031844,15.311569,12.959276,5
235,5.905912,1.395714,5.587324,5
236,7.406067,0.676985,10.861276,4
237,16.022854,9.069472,8.992969,4
238,2.000256,4.696686,9.405369,6
239,5.779923,6.811828,2.112907,3
240,5.842488,1.933560,8.644769,6
241,6.015856,4.381386,9.818810,6
242,2.018412,4.660814,12.439100,5
243,5.721823,0.593743,9.760355,7
244,1.729167,3.934660,10.958600,6
245,7.129356,7.277828,0.968669,4
246,7.734404,3.971472,12.110607,4
247,4.701356,3.552680,10.643471,6
248,1.765479,2.225886,10.820931,3
249,3.808967,6.656528,10.620586,3
250,15.006733,2.709157,13.839869,2
251,6.367833,3.726690,13.179162,6
252,4.364088,1.911514,9.711438,6
253,14.166856,15.761243,6.484807,5
254,8.345256,3.450514,9.348793,5
255,5.104367,0.995386,0.512069,6
256,16.586800,14.048143,7.159924,4
257,10.569500,4.162114,11.136862,5
258,16.506188,5.094810,12.573538,5
259,10.725044,7.168514,12.563524,3
260,13.868123,5.786020,10.879700,6
261,10.103667,9.332114,10.167038,5
262,10.999214,3.064550,7.649471,4
263,9.990456,7.620029,9.536090,3
264,9.792212,4.953786,0.183562,5
265,11.991888,3.519572,6.464261,6
266,15.037433,2.777086,8.833020,5
267,0.070823,3.290886,10.735086,6
268,13.638923,6.756343,4.966151,4
269,8.433388,0.582443,1.964507,5
270,13.709974,3.348772,9.742938,5
271,0.682019,9.286640,6.766410,4
272,13.689974,5.157386,9.278538,5
273,11.403688,15.064114,10.096738,4
274,11.182500,0.327757,10.735791,4
275,0.710612,0.529728,8.169876,2
276,10.489333,0.055343,12.672069,4
277,13.402456,3.453343,5.084130,7
278,17.198218,6.762828,11.779800,6
279,16.889677,3.207370,9.232193,5
280,14.844123,1.922757,12.039169,4
281,17.227781,6.340743,10.111069,5
282,9.527788,0.857972,8.444793,5
283,9.170588,3.218414,12.119100,5
284,11.752574,5.215590,11.589176,5
285,13.400556,2.669314,11.339400,5
286,9.280467,4.832272,9.670507,5
287,12.265933,3.601886,1.548245,5
288,13.715824,1.874557,8.872780,7
289,16.636136,0.103386,13.160262,4
290,0.019888,2.265014,2.054838,4
291,0.684756,4.305628,8.170862,6
292,14.947300,0.208772,4.460420,7
293,0.425112,4.298272,13.358452,6
294,10.401500,3.606890,13.346076,6
295,1.015644,7.500057,9.564124,4
296,7.283821,5.429110,12.902200,5
297,12.797500,4.899472,7.457276,6
298,12.415412,3.725386,12.524838,6
299,12.390833,6.154914,10.030911,4
300,12.793654,5.333914,1.432938,4
301,12.238588,2.509443,10.016593,3
302,17.040112,3.619843,12.199838,4
303,10.683777,10.556357,9.054624,5
304,13.108556,5.270257,12.552800,4
305,15.586656,6.198572,11.147007,6
306,4.079923,7.852357,4.591038,4
307,8.436994,5.769929,5.737050,3
308,4.667856,15.902900,7.171938,7
309,1.655944,10.677572,13.036562,3
310,6.925612,9.830557,9.587010,4
311,9.724656,12.222200,8.933491,5
312,7.325267,13.310486,7.596100,4
313,4.271360,12.666414,8.498662,3
314,5.823844,12.373414,7.654493,3
315,6.786000,14.362472,11.450500,4
316,9.282356,10.722400,7.648307,5
317,3.805812,12.990657,11.516100,5
318,4.297212,14.262500,12.555524,6
319,10.746200,13.213472,12.999193,3
320,4.711956,9.052357,5.777893,5
321,16.572029,9.642672,10.551076,6
322,16.664300,6.344736,7.395969,5
323,4.022312,15.677172,11.652371,5
324,2.492044,14.422726,6.981155,6
325,3.143256,15.397672,8.415955,6
326,15.585033,11.959372,9.745445,5
327,6.443056,15.529172,10.395862,5
328,8.256012,12.289014,13.363500,5
329,6.561812,5.960457,10.257155,7
330,7.491712,11.160106,10.799462,5
331,2.422788,8.876028,7.608210,4
332,3.759112,9.963672,8.626338,4
333,2.238323,13.676746,10.673669,3
334,2.018367,10.441716,11.251976,3
335,3.292077,12.593016,13.381962,4
336,1.099456,13.333357,9.326269,3
337,0.243744,0.810157,12.348569,4
338,5.751756,15.417948,8.923962,7
339,16.186600,7.745490,1.598260,5
340,7.353856,15.205428,8.176840,5
341,8.748564,12.130800,11.756562,4
342,5.489744,13.241800,11.193100,4
343,7.691490,9.692614,7.991880,4
344,6.027056,9.910457,5.059640,5
345,7.129388,6.815228,8.689238,5
346,5.387444,8.155672,7.277007,2
347,8.184356,7.915572,7.652969,3
348,5.580856,11.618028,12.115824,5
349,0.137590,9.300972,13.262445,4
350,4.471920,8.802014,13.289624,4
351,1.515512,14.570314,11.903961,4
352,4.128012,8.312443,11.418838,3
353,8.699656,14.123843,13.814200,5
354,8.146150,9.529150,10.951476,5
355,14.626400,11.944714,10.917914,6
356,7.921479,13.741343,5.331270,6
357,14.288200,0.216157,9.805870,4
358,12.796456,16.061543,0.501362,3
359,13.619288,10.498400,10.226762,4
360,14.821588,9.133743,10.258538,5
361,0.753177,14.061972,7.727230,4
362,15.752500,15.790500,7.347169,4
363,8.925667,12.727666,7.121910,5
364,13.509433,1.092486,11.693021,4
365,13.810984,7.814120,13.840678,5
366,15.188533,15.076929,12.975638,5
367,12.330000,13.572600,10.307869,4
368,13.237477,14.806814,13.473420,4
369,9.844977,9.804114,0.094145,4
370,16.593656,2.055072,11.676162,4
371,16.864928,8.583214,11.963200,6
372,15.368824,6.955843,0.043569,6
373,9.710133,12.710836,0.145793,5
374,10.373924,15.653472,5.876670,5
375,5.216056,0.858008,12.637238,6
376,15.367800,7.449685,12.415141,7
377,15.945777,11.019072,11.475624,6
378,13.337414,11.344616,11.759938,5
379,9.140033,15.581380,8.652317,5
380,9.684456,9.921843,11.733969,3
381,12.804500,6.573429,6.500070,6
382,13.967288,8.672928,2.347245,2
383,6.542677,11.674443,13.774993,5
384,9.720660,14.728157,12.539269,5
385,12.226812,10.735000,13.067362,4
386,12.416700,11.094943,9.010101,4
387,12.106788,11.453700,5.933631,4
388,15.534323,14.376272,11.294569,4
389,14.280667,7.605343,11.154741,5
390,10.331700,6.543514,0.396038,5
391,11.834733,7.568356,7.434030,5
392,15.240812,13.413357,8.385662,5
393,0.295823,13.517357,13.027655,5
394,9.153412,0.485328,10.180107,6
395,12.097856,12.642657,11.898624,4
396,11.293512,12.287814,9.365493,4
397,14.421156,10.918116,6.424269,3
398,15.566888,0.994428,9.248469,3
399,0.315579,10.798572,7.352724,4
400,11.139656,8.963943,1.127369,4
401,14.523900,13.521166,10.110900,5
402,13.821500,9.143986,6.430240,3
403,0.000741,15.551757,11.500176,4
404,12.155556,15.030843,8.122301,3
405,17.248088,12.171928,12.027400,4
