x_B,P_GPa,k,S_cc_KBI,S_cc0_KBI
0.6,0,0.0000,1.023568e-01,1.023568e-01
0.6,0,0.0201,1.023760e-01,1.023568e-01
0.6,0,0.0403,1.024337e-01,1.023568e-01
0.6,0,0.0604,1.025296e-01,1.023568e-01
0.6,0,0.0805,1.026636e-01,1.023568e-01
0.6,0,0.1007,1.028352e-01,1.023568e-01
0.6,0,0.1208,1.030441e-01,1.023568e-01
0.6,0,0.1409,1.032897e-01,1.023568e-01
0.6,0,0.1611,1.035714e-01,1.023568e-01
0.6,0,0.1812,1.038885e-01,1.023568e-01
0.6,0,0.2013,1.042404e-01,1.023568e-01
0.6,0,0.2215,1.046263e-01,1.023568e-01
0.6,0,0.2416,1.050455e-01,1.023568e-01
0.6,0,0.2617,1.054971e-01,1.023568e-01
0.6,0,0.2819,1.059805e-01,1.023568e-01
0.6,0,0.3020,1.064948e-01,1.023568e-01
0.6,0,0.3221,1.070395e-01,1.023568e-01
0.6,0,0.3423,1.076138e-01,1.023568e-01
0.6,0,0.3624,1.082173e-01,1.023568e-01
0.6,0,0.3826,1.088495e-01,1.023568e-01
0.6,0,0.4027,1.095100e-01,1.023568e-01
0.6,0,0.4228,1.101986e-01,1.023568e-01
0.6,0,0.4430,1.109153e-01,1.023568e-01
0.6,0,0.4631,1.116601e-01,1.023568e-01
0.6,0,0.4832,1.124333e-01,1.023568e-01
0.6,0,0.5034,1.132352e-01,1.023568e-01
0.6,0,0.5235,1.140665e-01,1.023568e-01
0.6,0,0.5436,1.149280e-01,1.023568e-01
0.6,0,0.5638,1.158207e-01,1.023568e-01
0.6,0,0.5839,1.167457e-01,1.023568e-01
0.6,0,0.6040,1.177044e-01,1.023568e-01
0.6,0,0.6242,1.186984e-01,1.023568e-01
0.6,0,0.6443,1.197296e-01,1.023568e-01
0.6,0,0.6644,1.207998e-01,1.023568e-01
0.6,0,0.6846,1.219112e-01,1.023568e-01
0.6,0,0.7047,1.230662e-01,1.023568e-01
0.6,0,0.7248,1.242672e-01,1.023568e-01
0.6,0,0.7450,1.255168e-01,1.023568e-01
0.6,0,0.7651,1.268178e-01,1.023568e-01
0.6,0,0.7852,1.281731e-01,1.023568e-01
0.6,0,0.8054,1.295855e-01,1.023568e-01
0.6,0,0.8255,1.310581e-01,1.023568e-01
0.6,0,0.8456,1.325939e-01,1.023568e-01
0.6,0,0.8658,1.341959e-01,1.023568e-01
0.6,0,0.8859,1.358673e-01,1.023568e-01
0.6,0,0.9060,1.376109e-01,1.023568e-01
0.6,0,0.9262,1.394297e-01,1.023568e-01
0.6,0,0.9463,1.413265e-01,1.023568e-01
0.6,0,0.9664,1.433040e-01,1.023568e-01
0.6,0,0.9866,1.453647e-01,1.023568e-01
0.6,0,1.0067,1.475109e-01,1.023568e-01
0.6,0,1.0268,1.497447e-01,1.023568e-01
0.6,0,1.0470,1.520679e-01,1.023568e-01
0.6,0,1.0671,1.544821e-01,1.023568e-01
0.6,0,1.0872,1.569886e-01,1.023568e-01
0.6,0,1.1074,1.595883e-01,1.023568e-01
0.6,0,1.1275,1.622817e-01,1.023568e-01
0.6,0,1.1477,1.650690e-01,1.023568e-01
0.6,0,1.1678,1.679500e-01,1.023568e-01
0.6,0,1.1879,1.709240e-01,1.023568e-01
0.6,0,1.2081,1.739899e-01,1.023568e-01
0.6,0,1.2282,1.771462e-01,1.023568e-01
0.6,0,1.2483,1.803910e-01,1.023568e-01
0.6,0,1.2685,1.837217e-01,1.023568e-01
0.6,0,1.2886,1.871354e-01,1.023568e-01
0.6,0,1.3087,1.906286e-01,1.023568e-01
0.6,0,1.3289,1.941976e-01,1.023568e-01
0.6,0,1.3490,1.978379e-01,1.023568e-01
0.6,0,1.3691,2.015447e-01,1.023568e-01
0.6,0,1.3893,2.053127e-01,1.023568e-01
0.6,0,1.4094,2.091363e-01,1.023568e-01
0.6,0,1.4295,2.130091e-01,1.023568e-01
0.6,0,1.4497,2.169248e-01,1.023568e-01
0.6,0,1.4698,2.208764e-01,1.023568e-01
0.6,0,1.4899,2.248566e-01,1.023568e-01
0.6,0,1.5101,2.288577e-01,1.023568e-01
0.6,0,1.5302,2.328719e-01,1.023568e-01
0.6,0,1.5503,2.368909e-01,1.023568e-01
0.6,0,1.5705,2.409063e-01,1.023568e-01
0.6,0,1.5906,2.449095e-01,1.023568e-01
0.6,0,1.6107,2.488917e-01,1.023568e-01
0.6,0,1.6309,2.528439e-01,1.023568e-01
0.6,0,1.6510,2.567572e-01,1.023568e-01
0.6,0,1.6711,2.606225e-01,1.023568e-01
0.6,0,1.6913,2.644307e-01,1.023568e-01
0.6,0,1.7114,2.681727e-01,1.023568e-01
0.6,0,1.7315,2.718397e-01,1.023568e-01
0.6,0,1.7517,2.754228e-01,1.023568e-01
0.6,0,1.7718,2.789132e-01,1.023568e-01
0.6,0,1.7919,2.823026e-01,1.023568e-01
0.6,0,1.8121,2.855826e-01,1.023568e-01
0.6,0,1.8322,2.887452e-01,1.023568e-01
0.6,0,1.8523,2.917828e-01,1.023568e-01
0.6,0,1.8725,2.946880e-01,1.023568e-01
0.6,0,1.8926,2.974539e-01,1.023568e-01
0.6,0,1.9128,3.000738e-01,1.023568e-01
0.6,0,1.9329,3.025415e-01,1.023568e-01
0.6,0,1.9530,3.048515e-01,1.023568e-01
0.6,0,1.9732,3.069985e-01,1.023568e-01
0.6,0,1.9933,3.089777e-01,1.023568e-01
0.6,0,2.0134,3.107850e-01,1.023568e-01
0.6,0,2.0336,3.124167e-01,1.023568e-01
0.6,0,2.0537,3.138695e-01,1.023568e-01
0.6,0,2.0738,3.151410e-01,1.023568e-01
0.6,0,2.0940,3.162291e-01,1.023568e-01
0.6,0,2.1141,3.171323e-01,1.023568e-01
0.6,0,2.1342,3.178497e-01,1.023568e-01
0.6,0,2.1544,3.183809e-01,1.023568e-01
0.6,0,2.1745,3.187261e-01,1.023568e-01
0.6,0,2.1946,3.188860e-01,1.023568e-01
0.6,0,2.2148,3.188619e-01,1.023568e-01
0.6,0,2.2349,3.186555e-01,1.023568e-01
0.6,0,2.2550,3.182692e-01,1.023568e-01
0.6,0,2.2752,3.177057e-01,1.023568e-01
0.6,0,2.2953,3.169682e-01,1.023568e-01
0.6,0,2.3154,3.160604e-01,1.023568e-01
0.6,0,2.3356,3.149865e-01,1.023568e-01
0.6,0,2.3557,3.137509e-01,1.023568e-01
0.6,0,2.3758,3.123585e-01,1.023568e-01
0.6,0,2.3960,3.108146e-01,1.023568e-01
0.6,0,2.4161,3.091246e-01,1.023568e-01
0.6,0,2.4362,3.072944e-01,1.023568e-01
0.6,0,2.4564,3.053302e-01,1.023568e-01
0.6,0,2.4765,3.032382e-01,1.023568e-01
0.6,0,2.4966,3.010250e-01,1.023568e-01
0.6,0,2.5168,2.986973e-01,1.023568e-01
0.6,0,2.5369,2.962620e-01,1.023568e-01
0.6,0,2.5570,2.937261e-01,1.023568e-01
0.6,0,2.5772,2.910966e-01,1.023568e-01
0.6,0,2.5973,2.883807e-01,1.023568e-01
0.6,0,2.6174,2.855856e-01,1.023568e-01
0.6,0,2.6376,2.827184e-01,1.023568e-01
0.6,0,2.6577,2.797864e-01,1.023568e-01
0.6,0,2.6779,2.767968e-01,1.023568e-01
0.6,0,2.6980,2.737566e-01,1.023568e-01
0.6,0,2.7181,2.706729e-01,1.023568e-01
0.6,0,2.7383,2.675526e-01,1.023568e-01
0.6,0,2.7584,2.644026e-01,1.023568e-01
0.6,0,2.7785,2.612296e-01,1.023568e-01
0.6,0,2.7987,2.580402e-01,1.023568e-01
0.6,0,2.8188,2.548409e-01,1.023568e-01
0.6,0,2.8389,2.516378e-01,1.023568e-01
0.6,0,2.8591,2.484373e-01,1.023568e-01
0.6,0,2.8792,2.452453e-01,1.023568e-01
0.6,0,2.8993,2.420674e-01,1.023568e-01
0.6,0,2.9195,2.389095e-01,1.023568e-01
0.6,0,2.9396,2.357768e-01,1.023568e-01
0.6,0,2.9597,2.326747e-01,1.023568e-01
0.6,0,2.9799,2.296082e-01,1.023568e-01
0.6,0,3.0000,2.265823e-01,1.023568e-01
0.7,0,0.0000,1.356066e-01,1.356066e-01
0.7,0,0.0201,1.356032e-01,1.356066e-01
0.7,0,0.0403,1.355930e-01,1.356066e-01
0.7,0,0.0604,1.355761e-01,1.356066e-01
0.7,0,0.0805,1.355526e-01,1.356066e-01
0.7,0,0.1007,1.355227e-01,1.356066e-01
0.7,0,0.1208,1.354867e-01,1.356066e-01
0.7,0,0.1409,1.354449e-01,1.356066e-01
0.7,0,0.1611,1.353976e-01,1.356066e-01
0.7,0,0.1812,1.353453e-01,1.356066e-01
0.7,0,0.2013,1.352885e-01,1.356066e-01
0.7,0,0.2215,1.352278e-01,1.356066e-01
0.7,0,0.2416,1.351638e-01,1.356066e-01
0.7,0,0.2617,1.350972e-01,1.356066e-01
0.7,0,0.2819,1.350290e-01,1.356066e-01
0.7,0,0.3020,1.349601e-01,1.356066e-01
0.7,0,0.3221,1.348913e-01,1.356066e-01
0.7,0,0.3423,1.348240e-01,1.356066e-01
0.7,0,0.3624,1.347592e-01,1.356066e-01
0.7,0,0.3826,1.346984e-01,1.356066e-01
0.7,0,0.4027,1.346429e-01,1.356066e-01
0.7,0,0.4228,1.345944e-01,1.356066e-01
0.7,0,0.4430,1.345545e-01,1.356066e-01
0.7,0,0.4631,1.345249e-01,1.356066e-01
0.7,0,0.4832,1.345076e-01,1.356066e-01
0.7,0,0.5034,1.345046e-01,1.356066e-01
0.7,0,0.5235,1.345181e-01,1.356066e-01
0.7,0,0.5436,1.345502e-01,1.356066e-01
0.7,0,0.5638,1.346034e-01,1.356066e-01
0.7,0,0.5839,1.346800e-01,1.356066e-01
0.7,0,0.6040,1.347828e-01,1.356066e-01
0.7,0,0.6242,1.349142e-01,1.356066e-01
0.7,0,0.6443,1.350772e-01,1.356066e-01
0.7,0,0.6644,1.352743e-01,1.356066e-01
0.7,0,0.6846,1.355086e-01,1.356066e-01
0.7,0,0.7047,1.357830e-01,1.356066e-01
0.7,0,0.7248,1.361005e-01,1.356066e-01
0.7,0,0.7450,1.364639e-01,1.356066e-01
0.7,0,0.7651,1.368764e-01,1.356066e-01
0.7,0,0.7852,1.373410e-01,1.356066e-01
0.7,0,0.8054,1.378605e-01,1.356066e-01
0.7,0,0.8255,1.384381e-01,1.356066e-01
0.7,0,0.8456,1.390764e-01,1.356066e-01
0.7,0,0.8658,1.397785e-01,1.356066e-01
0.7,0,0.8859,1.405469e-01,1.356066e-01
0.7,0,0.9060,1.413843e-01,1.356066e-01
0.7,0,0.9262,1.422932e-01,1.356066e-01
0.7,0,0.9463,1.432758e-01,1.356066e-01
0.7,0,0.9664,1.443343e-01,1.356066e-01
0.7,0,0.9866,1.454706e-01,1.356066e-01
0.7,0,1.0067,1.466864e-01,1.356066e-01
0.7,0,1.0268,1.479833e-01,1.356066e-01
0.7,0,1.0470,1.493625e-01,1.356066e-01
0.7,0,1.0671,1.508249e-01,1.356066e-01
0.7,0,1.0872,1.523713e-01,1.356066e-01
0.7,0,1.1074,1.540019e-01,1.356066e-01
0.7,0,1.1275,1.557169e-01,1.356066e-01
0.7,0,1.1477,1.575160e-01,1.356066e-01
0.7,0,1.1678,1.593987e-01,1.356066e-01
0.7,0,1.1879,1.613638e-01,1.356066e-01
0.7,0,1.2081,1.634102e-01,1.356066e-01
0.7,0,1.2282,1.655362e-01,1.356066e-01
0.7,0,1.2483,1.677397e-01,1.356066e-01
0.7,0,1.2685,1.700183e-01,1.356066e-01
0.7,0,1.2886,1.723693e-01,1.356066e-01
0.7,0,1.3087,1.747894e-01,1.356066e-01
0.7,0,1.3289,1.772752e-01,1.356066e-01
0.7,0,1.3490,1.798229e-01,1.356066e-01
0.7,0,1.3691,1.824281e-01,1.356066e-01
0.7,0,1.3893,1.850865e-01,1.356066e-01
0.7,0,1.4094,1.877930e-01,1.356066e-01
0.7,0,1.4295,1.905426e-01,1.356066e-01
0.7,0,1.4497,1.933298e-01,1.356066e-01
0.7,0,1.4698,1.961488e-01,1.356066e-01
0.7,0,1.4899,1.989938e-01,1.356066e-01
0.7,0,1.5101,2.018584e-01,1.356066e-01
0.7,0,1.5302,2.047363e-01,1.356066e-01
0.7,0,1.5503,2.076209e-01,1.356066e-01
0.7,0,1.5705,2.105056e-01,1.356066e-01
0.7,0,1.5906,2.133833e-01,1.356066e-01
0.7,0,1.6107,2.162474e-01,1.356066e-01
0.7,0,1.6309,2.190907e-01,1.356066e-01
0.7,0,1.6510,2.219062e-01,1.356066e-01
0.7,0,1.6711,2.246869e-01,1.356066e-01
0.7,0,1.6913,2.274260e-01,1.356066e-01
0.7,0,1.7114,2.301163e-01,1.356066e-01
0.7,0,1.7315,2.327512e-01,1.356066e-01
0.7,0,1.7517,2.353240e-01,1.356066e-01
0.7,0,1.7718,2.378281e-01,1.356066e-01
0.7,0,1.7919,2.402573e-01,1.356066e-01
0.7,0,1.8121,2.426053e-01,1.356066e-01
0.7,0,1.8322,2.448663e-01,1.356066e-01
0.7,0,1.8523,2.470348e-01,1.356066e-01
0.7,0,1.8725,2.491053e-01,1.356066e-01
0.7,0,1.8926,2.510729e-01,1.356066e-01
0.7,0,1.9128,2.529330e-01,1.356066e-01
0.7,0,1.9329,2.546812e-01,1.356066e-01
0.7,0,1.9530,2.563136e-01,1.356066e-01
0.7,0,1.9732,2.578267e-01,1.356066e-01
0.7,0,1.9933,2.592172e-01,1.356066e-01
0.7,0,2.0134,2.604826e-01,1.356066e-01
0.7,0,2.0336,2.616203e-01,1.356066e-01
0.7,0,2.0537,2.626286e-01,1.356066e-01
0.7,0,2.0738,2.635060e-01,1.356066e-01
0.7,0,2.0940,2.642513e-01,1.356066e-01
0.7,0,2.1141,2.648641e-01,1.356066e-01
0.7,0,2.1342,2.653440e-01,1.356066e-01
0.7,0,2.1544,2.656912e-01,1.356066e-01
0.7,0,2.1745,2.659065e-01,1.356066e-01
0.7,0,2.1946,2.659907e-01,1.356066e-01
0.7,0,2.2148,2.659452e-01,1.356066e-01
0.7,0,2.2349,2.657719e-01,1.356066e-01
0.7,0,2.2550,2.654728e-01,1.356066e-01
0.7,0,2.2752,2.650503e-01,1.356066e-01
0.7,0,2.2953,2.645072e-01,1.356066e-01
0.7,0,2.3154,2.638466e-01,1.356066e-01
0.7,0,2.3356,2.630716e-01,1.356066e-01
0.7,0,2.3557,2.621861e-01,1.356066e-01
0.7,0,2.3758,2.611936e-01,1.356066e-01
0.7,0,2.3960,2.600983e-01,1.356066e-01
0.7,0,2.4161,2.589042e-01,1.356066e-01
0.7,0,2.4362,2.576158e-01,1.356066e-01
0.7,0,2.4564,2.562376e-01,1.356066e-01
0.7,0,2.4765,2.547741e-01,1.356066e-01
0.7,0,2.4966,2.532299e-01,1.356066e-01
0.7,0,2.5168,2.516099e-01,1.356066e-01
0.7,0,2.5369,2.499188e-01,1.356066e-01
0.7,0,2.5570,2.481615e-01,1.356066e-01
0.7,0,2.5772,2.463426e-01,1.356066e-01
0.7,0,2.5973,2.444670e-01,1.356066e-01
0.7,0,2.6174,2.425395e-01,1.356066e-01
0.7,0,2.6376,2.405648e-01,1.356066e-01
0.7,0,2.6577,2.385474e-01,1.356066e-01
0.7,0,2.6779,2.364920e-01,1.356066e-01
0.7,0,2.6980,2.344029e-01,1.356066e-01
0.7,0,2.7181,2.322846e-01,1.356066e-01
0.7,0,2.7383,2.301413e-01,1.356066e-01
0.7,0,2.7584,2.279770e-01,1.356066e-01
0.7,0,2.7785,2.257958e-01,1.356066e-01
0.7,0,2.7987,2.236016e-01,1.356066e-01
0.7,0,2.8188,2.213980e-01,1.356066e-01
0.7,0,2.8389,2.191888e-01,1.356066e-01
0.7,0,2.8591,2.169772e-01,1.356066e-01
0.7,0,2.8792,2.147668e-01,1.356066e-01
0.7,0,2.8993,2.125607e-01,1.356066e-01
0.7,0,2.9195,2.103620e-01,1.356066e-01
0.7,0,2.9396,2.081738e-01,1.356066e-01
0.7,0,2.9597,2.059988e-01,1.356066e-01
0.7,0,2.9799,2.038399e-01,1.356066e-01
0.7,0,3.0000,2.016997e-01,1.356066e-01
0.8,0,0.0000,2.032595e-01,2.032595e-01
0.8,0,0.0201,2.032139e-01,2.032595e-01
0.8,0,0.0403,2.030773e-01,2.032595e-01
0.8,0,0.0604,2.028502e-01,2.032595e-01
0.8,0,0.0805,2.025333e-01,2.032595e-01
0.8,0,0.1007,2.021277e-01,2.032595e-01
0.8,0,0.1208,2.016347e-01,2.032595e-01
0.8,0,0.1409,2.010561e-01,2.032595e-01
0.8,0,0.1611,2.003937e-01,2.032595e-01
0.8,0,0.1812,1.996499e-01,2.032595e-01
0.8,0,0.2013,1.988270e-01,2.032595e-01
0.8,0,0.2215,1.979278e-01,2.032595e-01
0.8,0,0.2416,1.969554e-01,2.032595e-01
0.8,0,0.2617,1.959130e-01,2.032595e-01
0.8,0,0.2819,1.948040e-01,2.032595e-01
0.8,0,0.3020,1.936321e-01,2.032595e-01
0.8,0,0.3221,1.924012e-01,2.032595e-01
0.8,0,0.3423,1.911153e-01,2.032595e-01
0.8,0,0.3624,1.897786e-01,2.032595e-01
0.8,0,0.3826,1.883955e-01,2.032595e-01
0.8,0,0.4027,1.869705e-01,2.032595e-01
0.8,0,0.4228,1.855082e-01,2.032595e-01
0.8,0,0.4430,1.840133e-01,2.032595e-01
0.8,0,0.4631,1.824904e-01,2.032595e-01
0.8,0,0.4832,1.809446e-01,2.032595e-01
0.8,0,0.5034,1.793806e-01,2.032595e-01
0.8,0,0.5235,1.778033e-01,2.032595e-01
0.8,0,0.5436,1.762177e-01,2.032595e-01
0.8,0,0.5638,1.746286e-01,2.032595e-01
0.8,0,0.5839,1.730409e-01,2.032595e-01
0.8,0,0.6040,1.714593e-01,2.032595e-01
0.8,0,0.6242,1.698887e-01,2.032595e-01
0.8,0,0.6443,1.683336e-01,2.032595e-01
0.8,0,0.6644,1.667987e-01,2.032595e-01
0.8,0,0.6846,1.652883e-01,2.032595e-01
0.8,0,0.7047,1.638068e-01,2.032595e-01
0.8,0,0.7248,1.623583e-01,2.032595e-01
0.8,0,0.7450,1.609468e-01,2.032595e-01
0.8,0,0.7651,1.595762e-01,2.032595e-01
0.8,0,0.7852,1.582501e-01,2.032595e-01
0.8,0,0.8054,1.569719e-01,2.032595e-01
0.8,0,0.8255,1.557450e-01,2.032595e-01
0.8,0,0.8456,1.545722e-01,2.032595e-01
0.8,0,0.8658,1.534565e-01,2.032595e-01
0.8,0,0.8859,1.524005e-01,2.032595e-01
0.8,0,0.9060,1.514064e-01,2.032595e-01
0.8,0,0.9262,1.504764e-01,2.032595e-01
0.8,0,0.9463,1.496123e-01,2.032595e-01
0.8,0,0.9664,1.488157e-01,2.032595e-01
0.8,0,0.9866,1.480881e-01,2.032595e-01
0.8,0,1.0067,1.474304e-01,2.032595e-01
0.8,0,1.0268,1.468436e-01,2.032595e-01
0.8,0,1.0470,1.463283e-01,2.032595e-01
0.8,0,1.0671,1.458849e-01,2.032595e-01
0.8,0,1.0872,1.455133e-01,2.032595e-01
0.8,0,1.1074,1.452136e-01,2.032595e-01
0.8,0,1.1275,1.449854e-01,2.032595e-01
0.8,0,1.1477,1.448280e-01,2.032595e-01
0.8,0,1.1678,1.447407e-01,2.032595e-01
0.8,0,1.1879,1.447224e-01,2.032595e-01
0.8,0,1.2081,1.447718e-01,2.032595e-01
0.8,0,1.2282,1.448877e-01,2.032595e-01
0.8,0,1.2483,1.450682e-01,2.032595e-01
0.8,0,1.2685,1.453116e-01,2.032595e-01
0.8,0,1.2886,1.456159e-01,2.032595e-01
0.8,0,1.3087,1.459789e-01,2.032595e-01
0.8,0,1.3289,1.463984e-01,2.032595e-01
0.8,0,1.3490,1.468720e-01,2.032595e-01
0.8,0,1.3691,1.473970e-01,2.032595e-01
0.8,0,1.3893,1.479708e-01,2.032595e-01
0.8,0,1.4094,1.485907e-01,2.032595e-01
0.8,0,1.4295,1.492537e-01,2.032595e-01
0.8,0,1.4497,1.499569e-01,2.032595e-01
0.8,0,1.4698,1.506973e-01,2.032595e-01
0.8,0,1.4899,1.514718e-01,2.032595e-01
0.8,0,1.5101,1.522774e-01,2.032595e-01
0.8,0,1.5302,1.531108e-01,2.032595e-01
0.8,0,1.5503,1.539689e-01,2.032595e-01
0.8,0,1.5705,1.548486e-01,2.032595e-01
0.8,0,1.5906,1.557467e-01,2.032595e-01
0.8,0,1.6107,1.566600e-01,2.032595e-01
0.8,0,1.6309,1.575854e-01,2.032595e-01
0.8,0,1.6510,1.585198e-01,2.032595e-01
0.8,0,1.6711,1.594601e-01,2.032595e-01
0.8,0,1.6913,1.604033e-01,2.032595e-01
0.8,0,1.7114,1.613464e-01,2.032595e-01
0.8,0,1.7315,1.622866e-01,2.032595e-01
0.8,0,1.7517,1.632210e-01,2.032595e-01
0.8,0,1.7718,1.641469e-01,2.032595e-01
0.8,0,1.7919,1.650617e-01,2.032595e-01
0.8,0,1.8121,1.659627e-01,2.032595e-01
0.8,0,1.8322,1.668474e-01,2.032595e-01
0.8,0,1.8523,1.677135e-01,2.032595e-01
0.8,0,1.8725,1.685588e-01,2.032595e-01
0.8,0,1.8926,1.693809e-01,2.032595e-01
0.8,0,1.9128,1.701779e-01,2.032595e-01
0.8,0,1.9329,1.709478e-01,2.032595e-01
0.8,0,1.9530,1.716886e-01,2.032595e-01
0.8,0,1.9732,1.723988e-01,2.032595e-01
0.8,0,1.9933,1.730766e-01,2.032595e-01
0.8,0,2.0134,1.737206e-01,2.032595e-01
0.8,0,2.0336,1.743292e-01,2.032595e-01
0.8,0,2.0537,1.749013e-01,2.032595e-01
0.8,0,2.0738,1.754356e-01,2.032595e-01
0.8,0,2.0940,1.759310e-01,2.032595e-01
0.8,0,2.1141,1.763866e-01,2.032595e-01
0.8,0,2.1342,1.768015e-01,2.032595e-01
0.8,0,2.1544,1.771749e-01,2.032595e-01
0.8,0,2.1745,1.775062e-01,2.032595e-01
0.8,0,2.1946,1.777948e-01,2.032595e-01
0.8,0,2.2148,1.780403e-01,2.032595e-01
0.8,0,2.2349,1.782421e-01,2.032595e-01
0.8,0,2.2550,1.784002e-01,2.032595e-01
0.8,0,2.2752,1.785143e-01,2.032595e-01
0.8,0,2.2953,1.785842e-01,2.032595e-01
0.8,0,2.3154,1.786100e-01,2.032595e-01
0.8,0,2.3356,1.785917e-01,2.032595e-01
0.8,0,2.3557,1.785295e-01,2.032595e-01
0.8,0,2.3758,1.784236e-01,2.032595e-01
0.8,0,2.3960,1.782742e-01,2.032595e-01
0.8,0,2.4161,1.780818e-01,2.032595e-01
0.8,0,2.4362,1.778468e-01,2.032595e-01
0.8,0,2.4564,1.775697e-01,2.032595e-01
0.8,0,2.4765,1.772511e-01,2.032595e-01
0.8,0,2.4966,1.768916e-01,2.032595e-01
0.8,0,2.5168,1.764919e-01,2.032595e-01
0.8,0,2.5369,1.760529e-01,2.032595e-01
0.8,0,2.5570,1.755753e-01,2.032595e-01
0.8,0,2.5772,1.750601e-01,2.032595e-01
0.8,0,2.5973,1.745082e-01,2.032595e-01
0.8,0,2.6174,1.739206e-01,2.032595e-01
0.8,0,2.6376,1.732985e-01,2.032595e-01
0.8,0,2.6577,1.726430e-01,2.032595e-01
0.8,0,2.6779,1.719553e-01,2.032595e-01
0.8,0,2.6980,1.712366e-01,2.032595e-01
0.8,0,2.7181,1.704884e-01,2.032595e-01
0.8,0,2.7383,1.697119e-01,2.032595e-01
0.8,0,2.7584,1.689086e-01,2.032595e-01
0.8,0,2.7785,1.680800e-01,2.032595e-01
0.8,0,2.7987,1.672278e-01,2.032595e-01
0.8,0,2.8188,1.663534e-01,2.032595e-01
0.8,0,2.8389,1.654586e-01,2.032595e-01
0.8,0,2.8591,1.645451e-01,2.032595e-01
0.8,0,2.8792,1.636147e-01,2.032595e-01
0.8,0,2.8993,1.626693e-01,2.032595e-01
0.8,0,2.9195,1.617107e-01,2.032595e-01
0.8,0,2.9396,1.607408e-01,2.032595e-01
0.8,0,2.9597,1.597617e-01,2.032595e-01
0.8,0,2.9799,1.587754e-01,2.032595e-01
0.8,0,3.0000,1.577839e-01,2.032595e-01
0.9,0,0.0000,2.110040e-01,2.110040e-01
0.9,0,0.0201,2.108815e-01,2.110040e-01
0.9,0,0.0403,2.105146e-01,2.110040e-01
0.9,0,0.0604,2.099051e-01,2.110040e-01
0.9,0,0.0805,2.090556e-01,2.110040e-01
0.9,0,0.1007,2.079701e-01,2.110040e-01
0.9,0,0.1208,2.066535e-01,2.110040e-01
0.9,0,0.1409,2.051118e-01,2.110040e-01
0.9,0,0.1611,2.033519e-01,2.110040e-01
0.9,0,0.1812,2.013818e-01,2.110040e-01
0.9,0,0.2013,1.992102e-01,2.110040e-01
0.9,0,0.2215,1.968468e-01,2.110040e-01
0.9,0,0.2416,1.943020e-01,2.110040e-01
0.9,0,0.2617,1.915869e-01,2.110040e-01
0.9,0,0.2819,1.887133e-01,2.110040e-01
0.9,0,0.3020,1.856936e-01,2.110040e-01
0.9,0,0.3221,1.825404e-01,2.110040e-01
0.9,0,0.3423,1.792672e-01,2.110040e-01
0.9,0,0.3624,1.758873e-01,2.110040e-01
0.9,0,0.3826,1.724145e-01,2.110040e-01
0.9,0,0.4027,1.688629e-01,2.110040e-01
0.9,0,0.4228,1.652465e-01,2.110040e-01
0.9,0,0.4430,1.615792e-01,2.110040e-01
0.9,0,0.4631,1.578751e-01,2.110040e-01
0.9,0,0.4832,1.541479e-01,2.110040e-01
0.9,0,0.5034,1.504111e-01,2.110040e-01
0.9,0,0.5235,1.466781e-01,2.110040e-01
0.9,0,0.5436,1.429616e-01,2.110040e-01
0.9,0,0.5638,1.392741e-01,2.110040e-01
0.9,0,0.5839,1.356276e-01,2.110040e-01
0.9,0,0.6040,1.320334e-01,2.110040e-01
0.9,0,0.6242,1.285023e-01,2.110040e-01
0.9,0,0.6443,1.250444e-01,2.110040e-01
0.9,0,0.6644,1.216692e-01,2.110040e-01
0.9,0,0.6846,1.183854e-01,2.110040e-01
0.9,0,0.7047,1.152010e-01,2.110040e-01
0.9,0,0.7248,1.121232e-01,2.110040e-01
0.9,0,0.7450,1.091584e-01,2.110040e-01
0.9,0,0.7651,1.063123e-01,2.110040e-01
0.9,0,0.7852,1.035898e-01,2.110040e-01
0.9,0,0.8054,1.009949e-01,2.110040e-01
0.9,0,0.8255,9.853084e-02,2.110040e-01
0.9,0,0.8456,9.620025e-02,2.110040e-01
0.9,0,0.8658,9.400486e-02,2.110040e-01
0.9,0,0.8859,9.194571e-02,2.110040e-01
0.9,0,0.9060,9.002313e-02,2.110040e-01
0.9,0,0.9262,8.823681e-02,2.110040e-01
0.9,0,0.9463,8.658579e-02,2.110040e-01
0.9,0,0.9664,8.506851e-02,2.110040e-01
0.9,0,0.9866,8.368285e-02,2.110040e-01
0.9,0,1.0067,8.242620e-02,2.110040e-01
0.9,0,1.0268,8.129545e-02,2.110040e-01
0.9,0,1.0470,8.028709e-02,2.110040e-01
0.9,0,1.0671,7.939721e-02,2.110040e-01
0.9,0,1.0872,7.862159e-02,2.110040e-01
0.9,0,1.1074,7.795570e-02,2.110040e-01
0.9,0,1.1275,7.739480e-02,2.110040e-01
0.9,0,1.1477,7.693395e-02,2.110040e-01
0.9,0,1.1678,7.656804e-02,2.110040e-01
0.9,0,1.1879,7.629187e-02,2.110040e-01
0.9,0,1.2081,7.610018e-02,2.110040e-01
0.9,0,1.2282,7.598769e-02,2.110040e-01
0.9,0,1.2483,7.594910e-02,2.110040e-01
0.9,0,1.2685,7.597918e-02,2.110040e-01
0.9,0,1.2886,7.607278e-02,2.110040e-01
0.9,0,1.3087,7.622485e-02,2.110040e-01
0.9,0,1.3289,7.643045e-02,2.110040e-01
0.9,0,1.3490,7.668481e-02,2.110040e-01
0.9,0,1.3691,7.698335e-02,2.110040e-01
0.9,0,1.3893,7.732164e-02,2.110040e-01
0.9,0,1.4094,7.769548e-02,2.110040e-01
0.9,0,1.4295,7.810087e-02,2.110040e-01
0.9,0,1.4497,7.853403e-02,2.110040e-01
0.9,0,1.4698,7.899141e-02,2.110040e-01
0.9,0,1.4899,7.946969e-02,2.110040e-01
0.9,0,1.5101,7.996575e-02,2.110040e-01
0.9,0,1.5302,8.047673e-02,2.110040e-01
0.9,0,1.5503,8.099994e-02,2.110040e-01
0.9,0,1.5705,8.153296e-02,2.110040e-01
0.9,0,1.5906,8.207352e-02,2.110040e-01
0.9,0,1.6107,8.261958e-02,2.110040e-01
0.9,0,1.6309,8.316925e-02,2.110040e-01
0.9,0,1.6510,8.372083e-02,2.110040e-01
0.9,0,1.6711,8.427279e-02,2.110040e-01
0.9,0,1.6913,8.482371e-02,2.110040e-01
0.9,0,1.7114,8.537232e-02,2.110040e-01
0.9,0,1.7315,8.591748e-02,2.110040e-01
0.9,0,1.7517,8.645813e-02,2.110040e-01
0.9,0,1.7718,8.699331e-02,2.110040e-01
0.9,0,1.7919,8.752214e-02,2.110040e-01
0.9,0,1.8121,8.804381e-02,2.110040e-01
0.9,0,1.8322,8.855756e-02,2.110040e-01
0.9,0,1.8523,8.906267e-02,2.110040e-01
0.9,0,1.8725,8.955848e-02,2.110040e-01
0.9,0,1.8926,9.004433e-02,2.110040e-01
0.9,0,1.9128,9.051959e-02,2.110040e-01
0.9,0,1.9329,9.098365e-02,2.110040e-01
0.9,0,1.9530,9.143591e-02,2.110040e-01
0.9,0,1.9732,9.187576e-02,2.110040e-01
0.9,0,1.9933,9.230262e-02,2.110040e-01
0.9,0,2.0134,9.271589e-02,2.110040e-01
0.9,0,2.0336,9.311499e-02,2.110040e-01
0.9,0,2.0537,9.349933e-02,2.110040e-01
0.9,0,2.0738,9.386832e-02,2.110040e-01
0.9,0,2.0940,9.422140e-02,2.110040e-01
0.9,0,2.1141,9.455799e-02,2.110040e-01
0.9,0,2.1342,9.487754e-02,2.110040e-01
0.9,0,2.1544,9.517951e-02,2.110040e-01
0.9,0,2.1745,9.546340e-02,2.110040e-01
0.9,0,2.1946,9.572870e-02,2.110040e-01
0.9,0,2.2148,9.597496e-02,2.110040e-01
0.9,0,2.2349,9.620176e-02,2.110040e-01
0.9,0,2.2550,9.640871e-02,2.110040e-01
0.9,0,2.2752,9.659547e-02,2.110040e-01
0.9,0,2.2953,9.676175e-02,2.110040e-01
0.9,0,2.3154,9.690731e-02,2.110040e-01
0.9,0,2.3356,9.703198e-02,2.110040e-01
0.9,0,2.3557,9.713562e-02,2.110040e-01
0.9,0,2.3758,9.721818e-02,2.110040e-01
0.9,0,2.3960,9.727964e-02,2.110040e-01
0.9,0,2.4161,9.732008e-02,2.110040e-01
0.9,0,2.4362,9.733962e-02,2.110040e-01
0.9,0,2.4564,9.733845e-02,2.110040e-01
0.9,0,2.4765,9.731682e-02,2.110040e-01
0.9,0,2.4966,9.727503e-02,2.110040e-01
0.9,0,2.5168,9.721347e-02,2.110040e-01
0.9,0,2.5369,9.713255e-02,2.110040e-01
0.9,0,2.5570,9.703274e-02,2.110040e-01
0.9,0,2.5772,9.691457e-02,2.110040e-01
0.9,0,2.5973,9.677860e-02,2.110040e-01
0.9,0,2.6174,9.662544e-02,2.110040e-01
0.9,0,2.6376,9.645572e-02,2.110040e-01
0.9,0,2.6577,9.627010e-02,2.110040e-01
0.9,0,2.6779,9.606927e-02,2.110040e-01
0.9,0,2.6980,9.585392e-02,2.110040e-01
0.9,0,2.7181,9.562478e-02,2.110040e-01
0.9,0,2.7383,9.538256e-02,2.110040e-01
0.9,0,2.7584,9.512798e-02,2.110040e-01
0.9,0,2.7785,9.486176e-02,2.110040e-01
0.9,0,2.7987,9.458460e-02,2.110040e-01
0.9,0,2.8188,9.429721e-02,2.110040e-01
0.9,0,2.8389,9.400027e-02,2.110040e-01
0.9,0,2.8591,9.369445e-02,2.110040e-01
0.9,0,2.8792,9.338038e-02,2.110040e-01
0.9,0,2.8993,9.305869e-02,2.110040e-01
0.9,0,2.9195,9.272999e-02,2.110040e-01
0.9,0,2.9396,9.239486e-02,2.110040e-01
0.9,0,2.9597,9.205384e-02,2.110040e-01
0.9,0,2.9799,9.170749e-02,2.110040e-01
0.9,0,3.0000,9.135630e-02,2.110040e-01
0.6,10,0.0000,8.939489e-02,8.939489e-02
0.6,10,0.0201,8.941410e-02,8.939489e-02
0.6,10,0.0403,8.947167e-02,8.939489e-02
0.6,10,0.0604,8.956736e-02,8.939489e-02
0.6,10,0.0805,8.970078e-02,8.939489e-02
0.6,10,0.1007,8.987138e-02,8.939489e-02
0.6,10,0.1208,9.007848e-02,8.939489e-02
0.6,10,0.1409,9.032126e-02,8.939489e-02
0.6,10,0.1611,9.059880e-02,8.939489e-02
0.6,10,0.1812,9.091004e-02,8.939489e-02
0.6,10,0.2013,9.125385e-02,8.939489e-02
0.6,10,0.2215,9.162902e-02,8.939489e-02
0.6,10,0.2416,9.203426e-02,8.939489e-02
0.6,10,0.2617,9.246827e-02,8.939489e-02
0.6,10,0.2819,9.292971e-02,8.939489e-02
0.6,10,0.3020,9.341725e-02,8.939489e-02
0.6,10,0.3221,9.392957e-02,8.939489e-02
0.6,10,0.3423,9.446541e-02,8.939489e-02
0.6,10,0.3624,9.502357e-02,8.939489e-02
0.6,10,0.3826,9.560293e-02,8.939489e-02
0.6,10,0.4027,9.620249e-02,8.939489e-02
0.6,10,0.4228,9.682137e-02,8.939489e-02
0.6,10,0.4430,9.745887e-02,8.939489e-02
0.6,10,0.4631,9.811442e-02,8.939489e-02
0.6,10,0.4832,9.878767e-02,8.939489e-02
0.6,10,0.5034,9.947848e-02,8.939489e-02
0.6,10,0.5235,1.001869e-01,8.939489e-02
0.6,10,0.5436,1.009133e-01,8.939489e-02
0.6,10,0.5638,1.016582e-01,8.939489e-02
0.6,10,0.5839,1.024224e-01,8.939489e-02
0.6,10,0.6040,1.032071e-01,8.939489e-02
0.6,10,0.6242,1.040136e-01,8.939489e-02
0.6,10,0.6443,1.048435e-01,8.939489e-02
0.6,10,0.6644,1.056989e-01,8.939489e-02
0.6,10,0.6846,1.065818e-01,8.939489e-02
0.6,10,0.7047,1.074948e-01,8.939489e-02
0.6,10,0.7248,1.084407e-01,8.939489e-02
0.6,10,0.7450,1.094224e-01,8.939489e-02
0.6,10,0.7651,1.104432e-01,8.939489e-02
0.6,10,0.7852,1.115065e-01,8.939489e-02
0.6,10,0.8054,1.126161e-01,8.939489e-02
0.6,10,0.8255,1.137758e-01,8.939489e-02
0.6,10,0.8456,1.149897e-01,8.939489e-02
0.6,10,0.8658,1.162619e-01,8.939489e-02
0.6,10,0.8859,1.175968e-01,8.939489e-02
0.6,10,0.9060,1.189987e-01,8.939489e-02
0.6,10,0.9262,1.204720e-01,8.939489e-02
0.6,10,0.9463,1.220213e-01,8.939489e-02
0.6,10,0.9664,1.236510e-01,8.939489e-02
0.6,10,0.9866,1.253653e-01,8.939489e-02
0.6,10,1.0067,1.271688e-01,8.939489e-02
0.6,10,1.0268,1.290654e-01,8.939489e-02
0.6,10,1.0470,1.310593e-01,8.939489e-02
0.6,10,1.0671,1.331542e-01,8.939489e-02
0.6,10,1.0872,1.353537e-01,8.939489e-02
0.6,10,1.1074,1.376611e-01,8.939489e-02
0.6,10,1.1275,1.400793e-01,8.939489e-02
0.6,10,1.1477,1.426111e-01,8.939489e-02
0.6,10,1.1678,1.452586e-01,8.939489e-02
0.6,10,1.1879,1.480237e-01,8.939489e-02
0.6,10,1.2081,1.509078e-01,8.939489e-02
0.6,10,1.2282,1.539116e-01,8.939489e-02
0.6,10,1.2483,1.570357e-01,8.939489e-02
0.6,10,1.2685,1.602799e-01,8.939489e-02
0.6,10,1.2886,1.636435e-01,8.939489e-02
0.6,10,1.3087,1.671253e-01,8.939489e-02
0.6,10,1.3289,1.707233e-01,8.939489e-02
0.6,10,1.3490,1.744352e-01,8.939489e-02
0.6,10,1.3691,1.782578e-01,8.939489e-02
0.6,10,1.3893,1.821876e-01,8.939489e-02
0.6,10,1.4094,1.862202e-01,8.939489e-02
0.6,10,1.4295,1.903508e-01,8.939489e-02
0.6,10,1.4497,1.945738e-01,8.939489e-02
0.6,10,1.4698,1.988831e-01,8.939489e-02
0.6,10,1.4899,2.032721e-01,8.939489e-02
0.6,10,1.5101,2.077335e-01,8.939489e-02
0.6,10,1.5302,2.122596e-01,8.939489e-02
0.6,10,1.5503,2.168420e-01,8.939489e-02
0.6,10,1.5705,2.214720e-01,8.939489e-02
0.6,10,1.5906,2.261402e-01,8.939489e-02
0.6,10,1.6107,2.308371e-01,8.939489e-02
0.6,10,1.6309,2.355525e-01,8.939489e-02
0.6,10,1.6510,2.402760e-01,8.939489e-02
0.6,10,1.6711,2.449970e-01,8.939489e-02
0.6,10,1.6913,2.497044e-01,8.939489e-02
0.6,10,1.7114,2.543872e-01,8.939489e-02
0.6,10,1.7315,2.590339e-01,8.939489e-02
0.6,10,1.7517,2.636331e-01,8.939489e-02
0.6,10,1.7718,2.681733e-01,8.939489e-02
0.6,10,1.7919,2.726430e-01,8.939489e-02
0.6,10,1.8121,2.770308e-01,8.939489e-02
0.6,10,1.8322,2.813253e-01,8.939489e-02
0.6,10,1.8523,2.855152e-01,8.939489e-02
0.6,10,1.8725,2.895897e-01,8.939489e-02
0.6,10,1.8926,2.935379e-01,8.939489e-02
0.6,10,1.9128,2.973494e-01,8.939489e-02
0.6,10,1.9329,3.010142e-01,8.939489e-02
0.6,10,1.9530,3.045226e-01,8.939489e-02
0.6,10,1.9732,3.078654e-01,8.939489e-02
0.6,10,1.9933,3.110338e-01,8.939489e-02
0.6,10,2.0134,3.140197e-01,8.939489e-02
0.6,10,2.0336,3.168154e-01,8.939489e-02
0.6,10,2.0537,3.194140e-01,8.939489e-02
0.6,10,2.0738,3.218089e-01,8.939489e-02
0.6,10,2.0940,3.239946e-01,8.939489e-02
0.6,10,2.1141,3.259660e-01,8.939489e-02
0.6,10,2.1342,3.277188e-01,8.939489e-02
0.6,10,2.1544,3.292493e-01,8.939489e-02
0.6,10,2.1745,3.305546e-01,8.939489e-02
0.6,10,2.1946,3.316327e-01,8.939489e-02
0.6,10,2.2148,3.324821e-01,8.939489e-02
0.6,10,2.2349,3.331022e-01,8.939489e-02
0.6,10,2.2550,3.334932e-01,8.939489e-02
0.6,10,2.2752,3.336558e-01,8.939489e-02
0.6,10,2.2953,3.335915e-01,8.939489e-02
0.6,10,2.3154,3.333028e-01,8.939489e-02
0.6,10,2.3356,3.327924e-01,8.939489e-02
0.6,10,2.3557,3.320642e-01,8.939489e-02
0.6,10,2.3758,3.311223e-01,8.939489e-02
0.6,10,2.3960,3.299716e-01,8.939489e-02
0.6,10,2.4161,3.286176e-01,8.939489e-02
0.6,10,2.4362,3.270663e-01,8.939489e-02
0.6,10,2.4564,3.253243e-01,8.939489e-02
0.6,10,2.4765,3.233987e-01,8.939489e-02
0.6,10,2.4966,3.212968e-01,8.939489e-02
0.6,10,2.5168,3.190266e-01,8.939489e-02
0.6,10,2.5369,3.165963e-01,8.939489e-02
0.6,10,2.5570,3.140145e-01,8.939489e-02
0.6,10,2.5772,3.112899e-01,8.939489e-02
0.6,10,2.5973,3.084317e-01,8.939489e-02
0.6,10,2.6174,3.054490e-01,8.939489e-02
0.6,10,2.6376,3.023514e-01,8.939489e-02
0.6,10,2.6577,2.991483e-01,8.939489e-02
0.6,10,2.6779,2.958492e-01,8.939489e-02
0.6,10,2.6980,2.924638e-01,8.939489e-02
0.6,10,2.7181,2.890017e-01,8.939489e-02
0.6,10,2.7383,2.854724e-01,8.939489e-02
0.6,10,2.7584,2.818852e-01,8.939489e-02
0.6,10,2.7785,2.782497e-01,8.939489e-02
0.6,10,2.7987,2.745749e-01,8.939489e-02
0.6,10,2.8188,2.708699e-01,8.939489e-02
0.6,10,2.8389,2.671434e-01,8.939489e-02
0.6,10,2.8591,2.634040e-01,8.939489e-02
0.6,10,2.8792,2.596600e-01,8.939489e-02
0.6,10,2.8993,2.559196e-01,8.939489e-02
0.6,10,2.9195,2.521904e-01,8.939489e-02
0.6,10,2.9396,2.484799e-01,8.939489e-02
0.6,10,2.9597,2.447953e-01,8.939489e-02
0.6,10,2.9799,2.411435e-01,8.939489e-02
0.6,10,3.0000,2.375310e-01,8.939489e-02
0.7,10,0.0000,9.423988e-02,9.423988e-02
0.7,10,0.0201,9.426345e-02,9.423988e-02
0.7,10,0.0403,9.433407e-02,9.423988e-02
0.7,10,0.0604,9.445141e-02,9.423988e-02
0.7,10,0.0805,9.461493e-02,9.423988e-02
0.7,10,0.1007,9.482391e-02,9.423988e-02
0.7,10,0.1208,9.507739e-02,9.423988e-02
0.7,10,0.1409,9.537426e-02,9.423988e-02
0.7,10,0.1611,9.571320e-02,9.423988e-02
0.7,10,0.1812,9.609276e-02,9.423988e-02
0.7,10,0.2013,9.651132e-02,9.423988e-02
0.7,10,0.2215,9.696712e-02,9.423988e-02
0.7,10,0.2416,9.745832e-02,9.423988e-02
0.7,10,0.2617,9.798295e-02,9.423988e-02
0.7,10,0.2819,9.853899e-02,9.423988e-02
0.7,10,0.3020,9.912436e-02,9.423988e-02
0.7,10,0.3221,9.973694e-02,9.423988e-02
0.7,10,0.3423,1.003746e-01,9.423988e-02
0.7,10,0.3624,1.010354e-01,9.423988e-02
0.7,10,0.3826,1.017170e-01,9.423988e-02
0.7,10,0.4027,1.024177e-01,9.423988e-02
0.7,10,0.4228,1.031354e-01,9.423988e-02
0.7,10,0.4430,1.038684e-01,9.423988e-02
0.7,10,0.4631,1.046151e-01,9.423988e-02
0.7,10,0.4832,1.053739e-01,9.423988e-02
0.7,10,0.5034,1.061436e-01,9.423988e-02
0.7,10,0.5235,1.069230e-01,9.423988e-02
0.7,10,0.5436,1.077112e-01,9.423988e-02
0.7,10,0.5638,1.085075e-01,9.423988e-02
0.7,10,0.5839,1.093116e-01,9.423988e-02
0.7,10,0.6040,1.101232e-01,9.423988e-02
0.7,10,0.6242,1.109425e-01,9.423988e-02
0.7,10,0.6443,1.117697e-01,9.423988e-02
0.7,10,0.6644,1.126057e-01,9.423988e-02
0.7,10,0.6846,1.134512e-01,9.423988e-02
0.7,10,0.7047,1.143076e-01,9.423988e-02
0.7,10,0.7248,1.151763e-01,9.423988e-02
0.7,10,0.7450,1.160591e-01,9.423988e-02
0.7,10,0.7651,1.169580e-01,9.423988e-02
0.7,10,0.7852,1.178754e-01,9.423988e-02
0.7,10,0.8054,1.188138e-01,9.423988e-02
0.7,10,0.8255,1.197760e-01,9.423988e-02
0.7,10,0.8456,1.207650e-01,9.423988e-02
0.7,10,0.8658,1.217840e-01,9.423988e-02
0.7,10,0.8859,1.228363e-01,9.423988e-02
0.7,10,0.9060,1.239255e-01,9.423988e-02
0.7,10,0.9262,1.250551e-01,9.423988e-02
0.7,10,0.9463,1.262289e-01,9.423988e-02
0.7,10,0.9664,1.274506e-01,9.423988e-02
0.7,10,0.9866,1.287241e-01,9.423988e-02
0.7,10,1.0067,1.300531e-01,9.423988e-02
0.7,10,1.0268,1.314414e-01,9.423988e-02
0.7,10,1.0470,1.328925e-01,9.423988e-02
0.7,10,1.0671,1.344102e-01,9.423988e-02
0.7,10,1.0872,1.359977e-01,9.423988e-02
0.7,10,1.1074,1.376584e-01,9.423988e-02
0.7,10,1.1275,1.393951e-01,9.423988e-02
0.7,10,1.1477,1.412107e-01,9.423988e-02
0.7,10,1.1678,1.431076e-01,9.423988e-02
0.7,10,1.1879,1.450880e-01,9.423988e-02
0.7,10,1.2081,1.471537e-01,9.423988e-02
0.7,10,1.2282,1.493060e-01,9.423988e-02
0.7,10,1.2483,1.515459e-01,9.423988e-02
0.7,10,1.2685,1.538741e-01,9.423988e-02
0.7,10,1.2886,1.562907e-01,9.423988e-02
0.7,10,1.3087,1.587953e-01,9.423988e-02
0.7,10,1.3289,1.613871e-01,9.423988e-02
0.7,10,1.3490,1.640647e-01,9.423988e-02
0.7,10,1.3691,1.668263e-01,9.423988e-02
0.7,10,1.3893,1.696694e-01,9.423988e-02
0.7,10,1.4094,1.725912e-01,9.423988e-02
0.7,10,1.4295,1.755883e-01,9.423988e-02
0.7,10,1.4497,1.786567e-01,9.423988e-02
0.7,10,1.4698,1.817919e-01,9.423988e-02
0.7,10,1.4899,1.849889e-01,9.423988e-02
0.7,10,1.5101,1.882424e-01,9.423988e-02
0.7,10,1.5302,1.915464e-01,9.423988e-02
0.7,10,1.5503,1.948945e-01,9.423988e-02
0.7,10,1.5705,1.982799e-01,9.423988e-02
0.7,10,1.5906,2.016955e-01,9.423988e-02
0.7,10,1.6107,2.051336e-01,9.423988e-02
0.7,10,1.6309,2.085865e-01,9.423988e-02
0.7,10,1.6510,2.120458e-01,9.423988e-02
0.7,10,1.6711,2.155033e-01,9.423988e-02
0.7,10,1.6913,2.189502e-01,9.423988e-02
0.7,10,1.7114,2.223778e-01,9.423988e-02
0.7,10,1.7315,2.257770e-01,9.423988e-02
0.7,10,1.7517,2.291390e-01,9.423988e-02
0.7,10,1.7718,2.324546e-01,9.423988e-02
0.7,10,1.7919,2.357147e-01,9.423988e-02
0.7,10,1.8121,2.389105e-01,9.423988e-02
0.7,10,1.8322,2.420330e-01,9.423988e-02
0.7,10,1.8523,2.450735e-01,9.423988e-02
0.7,10,1.8725,2.480235e-01,9.423988e-02
0.7,10,1.8926,2.508747e-01,9.423988e-02
0.7,10,1.9128,2.536191e-01,9.423988e-02
0.7,10,1.9329,2.562492e-01,9.423988e-02
0.7,10,1.9530,2.587575e-01,9.423988e-02
0.7,10,1.9732,2.611372e-01,9.423988e-02
0.7,10,1.9933,2.633818e-01,9.423988e-02
0.7,10,2.0134,2.654855e-01,9.423988e-02
0.7,10,2.0336,2.674427e-01,9.423988e-02
0.7,10,2.0537,2.692486e-01,9.423988e-02
0.7,10,2.0738,2.708986e-01,9.423988e-02
0.7,10,2.0940,2.723891e-01,9.423988e-02
0.7,10,2.1141,2.737168e-01,9.423988e-02
0.7,10,2.1342,2.748790e-01,9.423988e-02
0.7,10,2.1544,2.758738e-01,9.423988e-02
0.7,10,2.1745,2.766998e-01,9.423988e-02
0.7,10,2.1946,2.773561e-01,9.423988e-02
0.7,10,2.2148,2.778425e-01,9.423988e-02
0.7,10,2.2349,2.781595e-01,9.423988e-02
0.7,10,2.2550,2.783080e-01,9.423988e-02
0.7,10,2.2752,2.782897e-01,9.423988e-02
0.7,10,2.2953,2.781067e-01,9.423988e-02
0.7,10,2.3154,2.777616e-01,9.423988e-02
0.7,10,2.3356,2.772576e-01,9.423988e-02
0.7,10,2.3557,2.765985e-01,9.423988e-02
0.7,10,2.3758,2.757883e-01,9.423988e-02
0.7,10,2.3960,2.748316e-01,9.423988e-02
0.7,10,2.4161,2.737335e-01,9.423988e-02
0.7,10,2.4362,2.724991e-01,9.423988e-02
0.7,10,2.4564,2.711343e-01,9.423988e-02
0.7,10,2.4765,2.696449e-01,9.423988e-02
0.7,10,2.4966,2.680372e-01,9.423988e-02
0.7,10,2.5168,2.663176e-01,9.423988e-02
0.7,10,2.5369,2.644927e-01,9.423988e-02
0.7,10,2.5570,2.625692e-01,9.423988e-02
0.7,10,2.5772,2.605541e-01,9.423988e-02
0.7,10,2.5973,2.584541e-01,9.423988e-02
0.7,10,2.6174,2.562763e-01,9.423988e-02
0.7,10,2.6376,2.540277e-01,9.423988e-02
0.7,10,2.6577,2.517150e-01,9.423988e-02
0.7,10,2.6779,2.493452e-01,9.423988e-02
0.7,10,2.6980,2.469250e-01,9.423988e-02
0.7,10,2.7181,2.444610e-01,9.423988e-02
0.7,10,2.7383,2.419596e-01,9.423988e-02
0.7,10,2.7584,2.394272e-01,9.423988e-02
0.7,10,2.7785,2.368697e-01,9.423988e-02
0.7,10,2.7987,2.342932e-01,9.423988e-02
0.7,10,2.8188,2.317032e-01,9.423988e-02
0.7,10,2.8389,2.291052e-01,9.423988e-02
0.7,10,2.8591,2.265042e-01,9.423988e-02
0.7,10,2.8792,2.239052e-01,9.423988e-02
0.7,10,2.8993,2.213128e-01,9.423988e-02
0.7,10,2.9195,2.187315e-01,9.423988e-02
0.7,10,2.9396,2.161652e-01,9.423988e-02
0.7,10,2.9597,2.136178e-01,9.423988e-02
0.7,10,2.9799,2.110929e-01,9.423988e-02
0.7,10,3.0000,2.085940e-01,9.423988e-02
0.8,10,0.0000,1.030728e-01,1.030728e-01
0.8,10,0.0201,1.030735e-01,1.030728e-01
0.8,10,0.0403,1.030757e-01,1.030728e-01
0.8,10,0.0604,1.030794e-01,1.030728e-01
0.8,10,0.0805,1.030850e-01,1.030728e-01
0.8,10,0.1007,1.030928e-01,1.030728e-01
0.8,10,0.1208,1.031032e-01,1.030728e-01
0.8,10,0.1409,1.031167e-01,1.030728e-01
0.8,10,0.1611,1.031340e-01,1.030728e-01
0.8,10,0.1812,1.031558e-01,1.030728e-01
0.8,10,0.2013,1.031829e-01,1.030728e-01
0.8,10,0.2215,1.032162e-01,1.030728e-01
0.8,10,0.2416,1.032565e-01,1.030728e-01
0.8,10,0.2617,1.033049e-01,1.030728e-01
0.8,10,0.2819,1.033626e-01,1.030728e-01
0.8,10,0.3020,1.034306e-01,1.030728e-01
0.8,10,0.3221,1.035101e-01,1.030728e-01
0.8,10,0.3423,1.036025e-01,1.030728e-01
0.8,10,0.3624,1.037090e-01,1.030728e-01
0.8,10,0.3826,1.038309e-01,1.030728e-01
0.8,10,0.4027,1.039696e-01,1.030728e-01
0.8,10,0.4228,1.041264e-01,1.030728e-01
0.8,10,0.4430,1.043029e-01,1.030728e-01
0.8,10,0.4631,1.045004e-01,1.030728e-01
0.8,10,0.4832,1.047203e-01,1.030728e-01
0.8,10,0.5034,1.049641e-01,1.030728e-01
0.8,10,0.5235,1.052330e-01,1.030728e-01
0.8,10,0.5436,1.055286e-01,1.030728e-01
0.8,10,0.5638,1.058521e-01,1.030728e-01
0.8,10,0.5839,1.062048e-01,1.030728e-01
0.8,10,0.6040,1.065881e-01,1.030728e-01
0.8,10,0.6242,1.070032e-01,1.030728e-01
0.8,10,0.6443,1.074512e-01,1.030728e-01
0.8,10,0.6644,1.079332e-01,1.030728e-01
0.8,10,0.6846,1.084502e-01,1.030728e-01
0.8,10,0.7047,1.090033e-01,1.030728e-01
0.8,10,0.7248,1.095932e-01,1.030728e-01
0.8,10,0.7450,1.102208e-01,1.030728e-01
0.8,10,0.7651,1.108867e-01,1.030728e-01
0.8,10,0.7852,1.115916e-01,1.030728e-01
0.8,10,0.8054,1.123359e-01,1.030728e-01
0.8,10,0.8255,1.131200e-01,1.030728e-01
0.8,10,0.8456,1.139442e-01,1.030728e-01
0.8,10,0.8658,1.148085e-01,1.030728e-01
0.8,10,0.8859,1.157132e-01,1.030728e-01
0.8,10,0.9060,1.166579e-01,1.030728e-01
0.8,10,0.9262,1.176426e-01,1.030728e-01
0.8,10,0.9463,1.186669e-01,1.030728e-01
0.8,10,0.9664,1.197303e-01,1.030728e-01
0.8,10,0.9866,1.208322e-01,1.030728e-01
0.8,10,1.0067,1.219719e-01,1.030728e-01
0.8,10,1.0268,1.231485e-01,1.030728e-01
0.8,10,1.0470,1.243610e-01,1.030728e-01
0.8,10,1.0671,1.256084e-01,1.030728e-01
0.8,10,1.0872,1.268894e-01,1.030728e-01
0.8,10,1.1074,1.282027e-01,1.030728e-01
0.8,10,1.1275,1.295467e-01,1.030728e-01
0.8,10,1.1477,1.309199e-01,1.030728e-01
0.8,10,1.1678,1.323206e-01,1.030728e-01
0.8,10,1.1879,1.337471e-01,1.030728e-01
0.8,10,1.2081,1.351973e-01,1.030728e-01
0.8,10,1.2282,1.366693e-01,1.030728e-01
0.8,10,1.2483,1.381611e-01,1.030728e-01
0.8,10,1.2685,1.396703e-01,1.030728e-01
0.8,10,1.2886,1.411949e-01,1.030728e-01
0.8,10,1.3087,1.427324e-01,1.030728e-01
0.8,10,1.3289,1.442805e-01,1.030728e-01
0.8,10,1.3490,1.458367e-01,1.030728e-01
0.8,10,1.3691,1.473985e-01,1.030728e-01
0.8,10,1.3893,1.489635e-01,1.030728e-01
0.8,10,1.4094,1.505289e-01,1.030728e-01
0.8,10,1.4295,1.520923e-01,1.030728e-01
0.8,10,1.4497,1.536511e-01,1.030728e-01
0.8,10,1.4698,1.552025e-01,1.030728e-01
0.8,10,1.4899,1.567440e-01,1.030728e-01
0.8,10,1.5101,1.582730e-01,1.030728e-01
0.8,10,1.5302,1.597869e-01,1.030728e-01
0.8,10,1.5503,1.612830e-01,1.030728e-01
0.8,10,1.5705,1.627589e-01,1.030728e-01
0.8,10,1.5906,1.642121e-01,1.030728e-01
0.8,10,1.6107,1.656400e-01,1.030728e-01
0.8,10,1.6309,1.670404e-01,1.030728e-01
0.8,10,1.6510,1.684107e-01,1.030728e-01
0.8,10,1.6711,1.697489e-01,1.030728e-01
0.8,10,1.6913,1.710526e-01,1.030728e-01
0.8,10,1.7114,1.723198e-01,1.030728e-01
0.8,10,1.7315,1.735484e-01,1.030728e-01
0.8,10,1.7517,1.747365e-01,1.030728e-01
0.8,10,1.7718,1.758822e-01,1.030728e-01
0.8,10,1.7919,1.769838e-01,1.030728e-01
0.8,10,1.8121,1.780397e-01,1.030728e-01
0.8,10,1.8322,1.790484e-01,1.030728e-01
0.8,10,1.8523,1.800083e-01,1.030728e-01
0.8,10,1.8725,1.809184e-01,1.030728e-01
0.8,10,1.8926,1.817772e-01,1.030728e-01
0.8,10,1.9128,1.825839e-01,1.030728e-01
0.8,10,1.9329,1.833374e-01,1.030728e-01
0.8,10,1.9530,1.840370e-01,1.030728e-01
0.8,10,1.9732,1.846819e-01,1.030728e-01
0.8,10,1.9933,1.852715e-01,1.030728e-01
0.8,10,2.0134,1.858055e-01,1.030728e-01
0.8,10,2.0336,1.862835e-01,1.030728e-01
0.8,10,2.0537,1.867053e-01,1.030728e-01
0.8,10,2.0738,1.870707e-01,1.030728e-01
0.8,10,2.0940,1.873798e-01,1.030728e-01
0.8,10,2.1141,1.876328e-01,1.030728e-01
0.8,10,2.1342,1.878298e-01,1.030728e-01
0.8,10,2.1544,1.879713e-01,1.030728e-01
0.8,10,2.1745,1.880576e-01,1.030728e-01
0.8,10,2.1946,1.880893e-01,1.030728e-01
0.8,10,2.2148,1.880671e-01,1.030728e-01
0.8,10,2.2349,1.879916e-01,1.030728e-01
0.8,10,2.2550,1.878638e-01,1.030728e-01
0.8,10,2.2752,1.876845e-01,1.030728e-01
0.8,10,2.2953,1.874546e-01,1.030728e-01
0.8,10,2.3154,1.871753e-01,1.030728e-01
0.8,10,2.3356,1.868476e-01,1.030728e-01
0.8,10,2.3557,1.864728e-01,1.030728e-01
0.8,10,2.3758,1.860520e-01,1.030728e-01
0.8,10,2.3960,1.855866e-01,1.030728e-01
0.8,10,2.4161,1.850779e-01,1.030728e-01
0.8,10,2.4362,1.845272e-01,1.030728e-01
0.8,10,2.4564,1.839361e-01,1.030728e-01
0.8,10,2.4765,1.833059e-01,1.030728e-01
0.8,10,2.4966,1.826382e-01,1.030728e-01
0.8,10,2.5168,1.819344e-01,1.030728e-01
0.8,10,2.5369,1.811961e-01,1.030728e-01
0.8,10,2.5570,1.804250e-01,1.030728e-01
0.8,10,2.5772,1.796224e-01,1.030728e-01
0.8,10,2.5973,1.787901e-01,1.030728e-01
0.8,10,2.6174,1.779297e-01,1.030728e-01
0.8,10,2.6376,1.770427e-01,1.030728e-01
0.8,10,2.6577,1.761307e-01,1.030728e-01
0.8,10,2.6779,1.751955e-01,1.030728e-01
0.8,10,2.6980,1.742386e-01,1.030728e-01
0.8,10,2.7181,1.732616e-01,1.030728e-01
0.8,10,2.7383,1.722662e-01,1.030728e-01
0.8,10,2.7584,1.712540e-01,1.030728e-01
0.8,10,2.7785,1.702267e-01,1.030728e-01
0.8,10,2.7987,1.691857e-01,1.030728e-01
0.8,10,2.8188,1.681329e-01,1.030728e-01
0.8,10,2.8389,1.670697e-01,1.030728e-01
0.8,10,2.8591,1.659978e-01,1.030728e-01
0.8,10,2.8792,1.649188e-01,1.030728e-01
0.8,10,2.8993,1.638343e-01,1.030728e-01
0.8,10,2.9195,1.627460e-01,1.030728e-01
0.8,10,2.9396,1.616554e-01,1.030728e-01
0.8,10,2.9597,1.605640e-01,1.030728e-01
0.8,10,2.9799,1.594737e-01,1.030728e-01
0.8,10,3.0000,1.583858e-01,1.030728e-01
0.9,10,0.0000,6.880991e-02,6.880991e-02
0.9,10,0.0201,6.881282e-02,6.880991e-02
0.9,10,0.0403,6.882154e-02,6.880991e-02
0.9,10,0.0604,6.883608e-02,6.880991e-02
0.9,10,0.0805,6.885647e-02,6.880991e-02
0.9,10,0.1007,6.888272e-02,6.880991e-02
0.9,10,0.1208,6.891489e-02,6.880991e-02
0.9,10,0.1409,6.895300e-02,6.880991e-02
0.9,10,0.1611,6.899711e-02,6.880991e-02
0.9,10,0.1812,6.904727e-02,6.880991e-02
0.9,10,0.2013,6.910356e-02,6.880991e-02
0.9,10,0.2215,6.916604e-02,6.880991e-02
0.9,10,0.2416,6.923479e-02,6.880991e-02
0.9,10,0.2617,6.930990e-02,6.880991e-02
0.9,10,0.2819,6.939147e-02,6.880991e-02
0.9,10,0.3020,6.947960e-02,6.880991e-02
0.9,10,0.3221,6.957440e-02,6.880991e-02
0.9,10,0.3423,6.967598e-02,6.880991e-02
0.9,10,0.3624,6.978447e-02,6.880991e-02
0.9,10,0.3826,6.989999e-02,6.880991e-02
0.9,10,0.4027,7.002269e-02,6.880991e-02
0.9,10,0.4228,7.015269e-02,6.880991e-02
0.9,10,0.4430,7.029016e-02,6.880991e-02
0.9,10,0.4631,7.043523e-02,6.880991e-02
0.9,10,0.4832,7.058808e-02,6.880991e-02
0.9,10,0.5034,7.074885e-02,6.880991e-02
0.9,10,0.5235,7.091772e-02,6.880991e-02
0.9,10,0.5436,7.109484e-02,6.880991e-02
0.9,10,0.5638,7.128040e-02,6.880991e-02
0.9,10,0.5839,7.147456e-02,6.880991e-02
0.9,10,0.6040,7.167749e-02,6.880991e-02
0.9,10,0.6242,7.188937e-02,6.880991e-02
0.9,10,0.6443,7.211036e-02,6.880991e-02
0.9,10,0.6644,7.234064e-02,6.880991e-02
0.9,10,0.6846,7.258038e-02,6.880991e-02
0.9,10,0.7047,7.282973e-02,6.880991e-02
0.9,10,0.7248,7.308885e-02,6.880991e-02
0.9,10,0.7450,7.335789e-02,6.880991e-02
0.9,10,0.7651,7.363700e-02,6.880991e-02
0.9,10,0.7852,7.392630e-02,6.880991e-02
0.9,10,0.8054,7.422593e-02,6.880991e-02
0.9,10,0.8255,7.453598e-02,6.880991e-02
0.9,10,0.8456,7.485657e-02,6.880991e-02
0.9,10,0.8658,7.518775e-02,6.880991e-02
0.9,10,0.8859,7.552962e-02,6.880991e-02
0.9,10,0.9060,7.588219e-02,6.880991e-02
0.9,10,0.9262,7.624552e-02,6.880991e-02
0.9,10,0.9463,7.661958e-02,6.880991e-02
0.9,10,0.9664,7.700438e-02,6.880991e-02
0.9,10,0.9866,7.739986e-02,6.880991e-02
0.9,10,1.0067,7.780594e-02,6.880991e-02
0.9,10,1.0268,7.822254e-02,6.880991e-02
0.9,10,1.0470,7.864951e-02,6.880991e-02
0.9,10,1.0671,7.908670e-02,6.880991e-02
0.9,10,1.0872,7.953390e-02,6.880991e-02
0.9,10,1.1074,7.999090e-02,6.880991e-02
0.9,10,1.1275,8.045742e-02,6.880991e-02
0.9,10,1.1477,8.093316e-02,6.880991e-02
0.9,10,1.1678,8.141777e-02,6.880991e-02
0.9,10,1.1879,8.191088e-02,6.880991e-02
0.9,10,1.2081,8.241206e-02,6.880991e-02
0.9,10,1.2282,8.292086e-02,6.880991e-02
0.9,10,1.2483,8.343677e-02,6.880991e-02
0.9,10,1.2685,8.395923e-02,6.880991e-02
0.9,10,1.2886,8.448768e-02,6.880991e-02
0.9,10,1.3087,8.502147e-02,6.880991e-02
0.9,10,1.3289,8.555994e-02,6.880991e-02
0.9,10,1.3490,8.610237e-02,6.880991e-02
0.9,10,1.3691,8.664802e-02,6.880991e-02
0.9,10,1.3893,8.719609e-02,6.880991e-02
0.9,10,1.4094,8.774576e-02,6.880991e-02
0.9,10,1.4295,8.829617e-02,6.880991e-02
0.9,10,1.4497,8.884640e-02,6.880991e-02
0.9,10,1.4698,8.939554e-02,6.880991e-02
0.9,10,1.4899,8.994262e-02,6.880991e-02
0.9,10,1.5101,9.048665e-02,6.880991e-02
0.9,10,1.5302,9.102663e-02,6.880991e-02
0.9,10,1.5503,9.156151e-02,6.880991e-02
0.9,10,1.5705,9.209024e-02,6.880991e-02
0.9,10,1.5906,9.261177e-02,6.880991e-02
0.9,10,1.6107,9.312500e-02,6.880991e-02
0.9,10,1.6309,9.362887e-02,6.880991e-02
0.9,10,1.6510,9.412229e-02,6.880991e-02
0.9,10,1.6711,9.460418e-02,6.880991e-02
0.9,10,1.6913,9.507346e-02,6.880991e-02
0.9,10,1.7114,9.552907e-02,6.880991e-02
0.9,10,1.7315,9.596997e-02,6.880991e-02
0.9,10,1.7517,9.639513e-02,6.880991e-02
0.9,10,1.7718,9.680356e-02,6.880991e-02
0.9,10,1.7919,9.719430e-02,6.880991e-02
0.9,10,1.8121,9.756642e-02,6.880991e-02
0.9,10,1.8322,9.791904e-02,6.880991e-02
0.9,10,1.8523,9.825131e-02,6.880991e-02
0.9,10,1.8725,9.856247e-02,6.880991e-02
0.9,10,1.8926,9.885176e-02,6.880991e-02
0.9,10,1.9128,9.911853e-02,6.880991e-02
0.9,10,1.9329,9.936218e-02,6.880991e-02
0.9,10,1.9530,9.958217e-02,6.880991e-02
0.9,10,1.9732,9.977803e-02,6.880991e-02
0.9,10,1.9933,9.994938e-02,6.880991e-02
0.9,10,2.0134,1.000959e-01,6.880991e-02
0.9,10,2.0336,1.002174e-01,6.880991e-02
0.9,10,2.0537,1.003137e-01,6.880991e-02
0.9,10,2.0738,1.003848e-01,6.880991e-02
0.9,10,2.0940,1.004306e-01,6.880991e-02
0.9,10,2.1141,1.004513e-01,6.880991e-02
0.9,10,2.1342,1.004471e-01,6.880991e-02
0.9,10,2.1544,1.004183e-01,6.880991e-02
0.9,10,2.1745,1.003653e-01,6.880991e-02
0.9,10,2.1946,1.002884e-01,6.880991e-02
0.9,10,2.2148,1.001882e-01,6.880991e-02
0.9,10,2.2349,1.000654e-01,6.880991e-02
0.9,10,2.2550,9.992067e-02,6.880991e-02
0.9,10,2.2752,9.975469e-02,6.880991e-02
0.9,10,2.2953,9.956833e-02,6.880991e-02
0.9,10,2.3154,9.936249e-02,6.880991e-02
0.9,10,2.3356,9.913810e-02,6.880991e-02
0.9,10,2.3557,9.889617e-02,6.880991e-02
0.9,10,2.3758,9.863775e-02,6.880991e-02
0.9,10,2.3960,9.836392e-02,6.880991e-02
0.9,10,2.4161,9.807581e-02,6.880991e-02
0.9,10,2.4362,9.777456e-02,6.880991e-02
0.9,10,2.4564,9.746135e-02,6.880991e-02
0.9,10,2.4765,9.713735e-02,6.880991e-02
0.9,10,2.4966,9.680376e-02,6.880991e-02
0.9,10,2.5168,9.646175e-02,6.880991e-02
0.9,10,2.5369,9.611252e-02,6.880991e-02
0.9,10,2.5570,9.575721e-02,6.880991e-02
0.9,10,2.5772,9.539698e-02,6.880991e-02
0.9,10,2.5973,9.503292e-02,6.880991e-02
0.9,10,2.6174,9.466613e-02,6.880991e-02
0.9,10,2.6376,9.429763e-02,6.880991e-02
0.9,10,2.6577,9.392840e-02,6.880991e-02
0.9,10,2.6779,9.355940e-02,6.880991e-02
0.9,10,2.6980,9.319148e-02,6.880991e-02
0.9,10,2.7181,9.282548e-02,6.880991e-02
0.9,10,2.7383,9.246214e-02,6.880991e-02
0.9,10,2.7584,9.210214e-02,6.880991e-02
0.9,10,2.7785,9.174611e-02,6.880991e-02
0.9,10,2.7987,9.139458e-02,6.880991e-02
0.9,10,2.8188,9.104802e-02,6.880991e-02
0.9,10,2.8389,9.070682e-02,6.880991e-02
0.9,10,2.8591,9.037133e-02,6.880991e-02
0.9,10,2.8792,9.004177e-02,6.880991e-02
0.9,10,2.8993,8.971834e-02,6.880991e-02
0.9,10,2.9195,8.940115e-02,6.880991e-02
0.9,10,2.9396,8.909025e-02,6.880991e-02
0.9,10,2.9597,8.878564e-02,6.880991e-02
0.9,10,2.9799,8.848725e-02,6.880991e-02
0.9,10,3.0000,8.819495e-02,6.880991e-02
