group,system,region,element,atom_id,fractional_z,target_z,delta_z,z_tolerance
FeB_interface_B,FeB,interface,B,433,0.4876025375,0.48506,0.002542537541,0.01
FeB_interface_B,FeB,interface,B,436,0.4876025088,0.48506,0.002542508813,0.01
FeB_interface_B,FeB,interface,B,439,0.4877751107,0.48506,0.002715110748,0.01
FeB_interface_B,FeB,interface,B,442,0.4877807662,0.48506,0.002720766196,0.01
FeB_interface_B,FeB,interface,B,445,0.4875708128,0.48506,0.00251081283,0.01
FeB_interface_B,FeB,interface,B,448,0.4875751428,0.48506,0.002515142787,0.01
FeB_interface_B,FeB,interface,B,451,0.487424927,0.48506,0.00236492701,0.01
FeB_interface_B,FeB,interface,B,454,0.4874223579,0.48506,0.002362357893,0.01
FeB_interface_B,FeB,interface,B,457,0.4859829683,0.48506,0.0009229683421,0.01
FeB_interface_B,FeB,interface,B,460,0.4859826167,0.48506,0.0009226167258,0.01
FeB_interface_B,FeB,interface,B,463,0.4850563974,0.48506,3.602598743e-06,0.01
FeB_interface_B,FeB,interface,B,466,0.4850564275,0.48506,3.57250875e-06,0.01
FeB_interface_B,FeB,interface,B,469,0.4822844593,0.48506,0.002775540736,0.01
FeB_interface_B,FeB,interface,B,472,0.4822884138,0.48506,0.002771586199,0.01
FeB_interface_B,FeB,interface,B,475,0.4850575459,0.48506,2.454084247e-06,0.01
FeB_interface_B,FeB,interface,B,478,0.485053848,0.48506,6.152040136e-06,0.01
FeB_interface_B,FeB,interface,B,481,0.4823332124,0.48506,0.002726787603,0.01
FeB_interface_B,FeB,interface,B,484,0.4823287133,0.48506,0.002731286673,0.01
FeB_interface_B,FeB,interface,B,487,0.4850874777,0.48506,2.747774801e-05,0.01
FeB_interface_B,FeB,interface,B,490,0.4850896442,0.48506,2.964422795e-05,0.01
FeB_interface_B,FeB,interface,B,493,0.4859823037,0.48506,0.0009223037017,0.01
FeB_interface_B,FeB,interface,B,496,0.4859820973,0.48506,0.000922097331,0.01
FeB_interface_B,FeB,interface,B,499,0.4849716968,0.48506,8.830324355e-05,0.01
FeB_interface_B,FeB,interface,B,502,0.4849735237,0.48506,8.647631205e-05,0.01
FeB_interface_B,FeB,interface,B,507,0.8632901822,0.86386,0.0005698177893,0.01
FeB_interface_B,FeB,interface,B,510,0.863291473,0.86386,0.0005685270471,0.01
FeB_interface_B,FeB,interface,B,513,0.8661599551,0.86386,0.002299955091,0.01
FeB_interface_B,FeB,interface,B,516,0.8661600505,0.86386,0.002300050539,0.01
FeB_interface_B,FeB,interface,B,519,0.8641515165,0.86386,0.000291516544,0.01
FeB_interface_B,FeB,interface,B,522,0.8641524758,0.86386,0.0002924758292,0.01
FeB_interface_B,FeB,interface,B,525,0.8635841077,0.86386,0.0002758922725,0.01
FeB_interface_B,FeB,interface,B,528,0.8635855328,0.86386,0.0002744671697,0.01
FeB_interface_B,FeB,interface,B,531,0.8638621408,0.86386,2.140846595e-06,0.01
FeB_interface_B,FeB,interface,B,534,0.8638634964,0.86386,3.496389358e-06,0.01
FeB_interface_B,FeB,interface,B,537,0.8705219285,0.86386,0.006661928462,0.01
FeB_interface_B,FeB,interface,B,540,0.870521077,0.86386,0.006661077015,0.01
FeB_interface_B,FeB,interface,B,543,0.87052641,0.86386,0.006666409984,0.01
FeB_interface_B,FeB,interface,B,546,0.8705272259,0.86386,0.006667225943,0.01
FeB_interface_B,FeB,interface,B,549,0.8638578267,0.86386,2.173256028e-06,0.01
FeB_interface_B,FeB,interface,B,552,0.8638591315,0.86386,8.684955849e-07,0.01
FeB_interface_B,FeB,interface,B,555,0.8635885259,0.86386,0.0002714740602,0.01
FeB_interface_B,FeB,interface,B,558,0.8635877953,0.86386,0.000272204746,0.01
FeB_interface_B,FeB,interface,B,561,0.8641489222,0.86386,0.0002889221717,0.01
FeB_interface_B,FeB,interface,B,564,0.864148424,0.86386,0.0002884239852,0.01
FeB_interface_B,FeB,interface,B,567,0.8661690691,0.86386,0.002309069114,0.01
FeB_interface_B,FeB,interface,B,570,0.8661705101,0.86386,0.002310510055,0.01
FeB_interface_B,FeB,interface,B,573,0.8632781731,0.86386,0.0005818268952,0.01
FeB_interface_B,FeB,interface,B,576,0.86327773,0.86386,0.0005822700049,0.01
FeB_interface_Fe,FeB,interface,Fe,147,0.8768889973,0.87591,0.0009789972835,0.01
FeB_interface_Fe,FeB,interface,Fe,150,0.8768904988,0.87591,0.0009804988483,0.01
FeB_interface_Fe,FeB,interface,Fe,153,0.8785768151,0.87591,0.002666815068,0.01
FeB_interface_Fe,FeB,interface,Fe,156,0.8785764563,0.87591,0.002666456326,0.01
FeB_interface_Fe,FeB,interface,Fe,159,0.8768914516,0.87591,0.0009814515552,0.01
FeB_interface_Fe,FeB,interface,Fe,162,0.8768940465,0.87591,0.0009840464632,0.01
FeB_interface_Fe,FeB,interface,Fe,165,0.876271986,0.87591,0.0003619860362,0.01
FeB_interface_Fe,FeB,interface,Fe,168,0.8762767011,0.87591,0.000366701141,0.01
FeB_interface_Fe,FeB,interface,Fe,171,0.8748033119,0.87591,0.001106688134,0.01
FeB_interface_Fe,FeB,interface,Fe,174,0.8748046963,0.87591,0.001105303731,0.01
FeB_interface_Fe,FeB,interface,Fe,177,0.8770028764,0.87591,0.00109287645,0.01
FeB_interface_Fe,FeB,interface,Fe,180,0.8770032697,0.87591,0.001093269698,0.01
FeB_interface_Fe,FeB,interface,Fe,183,0.8759119196,0.87591,1.919590401e-06,0.01
FeB_interface_Fe,FeB,interface,Fe,186,0.8759116071,0.87591,1.60711054e-06,0.01
FeB_interface_Fe,FeB,interface,Fe,189,0.8753065746,0.87591,0.0006034253815,0.01
FeB_interface_Fe,FeB,interface,Fe,192,0.8753079429,0.87591,0.0006020571297,0.01
FeB_interface_Fe,FeB,interface,Fe,195,0.8758923539,0.87591,1.764611628e-05,0.01
FeB_interface_Fe,FeB,interface,Fe,198,0.8758919374,0.87591,1.806260398e-05,0.01
FeB_interface_Fe,FeB,interface,Fe,201,0.8769637412,0.87591,0.00105374118,0.01
FeB_interface_Fe,FeB,interface,Fe,204,0.8769629024,0.87591,0.001052902353,0.01
FeB_interface_Fe,FeB,interface,Fe,207,0.8748020232,0.87591,0.001107976789,0.01
FeB_interface_Fe,FeB,interface,Fe,210,0.8748019189,0.87591,0.001108081102,0.01
FeB_interface_Fe,FeB,interface,Fe,213,0.8753009524,0.87591,0.0006090475802,0.01
FeB_interface_Fe,FeB,interface,Fe,216,0.8753013676,0.87591,0.0006086324239,0.01
FeB_interface_Fe,FeB,interface,Fe,217,0.4738841605,0.47349,0.0003941604934,0.01
FeB_interface_Fe,FeB,interface,Fe,220,0.4738823047,0.47349,0.0003923046611,0.01
FeB_interface_Fe,FeB,interface,Fe,223,0.4746931111,0.47349,0.001203111089,0.01
FeB_interface_Fe,FeB,interface,Fe,226,0.4746951662,0.47349,0.001205166241,0.01
FeB_interface_Fe,FeB,interface,Fe,229,0.4771161371,0.47349,0.003626137068,0.01
FeB_interface_Fe,FeB,interface,Fe,232,0.4771201869,0.47349,0.003630186927,0.01
FeB_interface_Fe,FeB,interface,Fe,235,0.4740323745,0.47349,0.0005423745045,0.01
FeB_interface_Fe,FeB,interface,Fe,238,0.47403093,0.47349,0.0005409300064,0.01
FeB_interface_Fe,FeB,interface,Fe,241,0.4758588489,0.47349,0.002368848853,0.01
FeB_interface_Fe,FeB,interface,Fe,244,0.4758586367,0.47349,0.002368636676,0.01
FeB_interface_Fe,FeB,interface,Fe,247,0.4734802964,0.47349,9.703608986e-06,0.01
FeB_interface_Fe,FeB,interface,Fe,250,0.4734798781,0.47349,1.012187234e-05,0.01
FeB_interface_Fe,FeB,interface,Fe,253,0.4734821386,0.47349,7.861437143e-06,0.01
FeB_interface_Fe,FeB,interface,Fe,256,0.4734854507,0.47349,4.549251315e-06,0.01
FeB_interface_Fe,FeB,interface,Fe,259,0.4758320558,0.47349,0.002342055767,0.01
FeB_interface_Fe,FeB,interface,Fe,262,0.4758332987,0.47349,0.002343298671,0.01
FeB_interface_Fe,FeB,interface,Fe,265,0.4740697836,0.47349,0.0005797835627,0.01
FeB_interface_Fe,FeB,interface,Fe,268,0.4740675728,0.47349,0.0005775727576,0.01
FeB_interface_Fe,FeB,interface,Fe,271,0.4770912558,0.47349,0.003601255753,0.01
FeB_interface_Fe,FeB,interface,Fe,274,0.477086887,0.47349,0.003596887001,0.01
FeB_interface_Fe,FeB,interface,Fe,277,0.4746798661,0.47349,0.001189866119,0.01
FeB_interface_Fe,FeB,interface,Fe,280,0.4746802561,0.47349,0.001190256096,0.01
FeB_interface_Fe,FeB,interface,Fe,283,0.4738810383,0.47349,0.0003910383452,0.01
FeB_interface_Fe,FeB,interface,Fe,286,0.4738858197,0.47349,0.0003958196525,0.01
FeB_bulk_B,FeB,bulk,B,290,0.7018378907,0.70184,2.109274435e-06,0.01
FeB_bulk_B,FeB,bulk,B,293,0.7018371594,0.70184,2.840598779e-06,0.01
FeB_bulk_B,FeB,bulk,B,296,0.7019151318,0.70184,7.513184342e-05,0.01
FeB_bulk_B,FeB,bulk,B,299,0.7019140903,0.70184,7.409028624e-05,0.01
FeB_bulk_B,FeB,bulk,B,302,0.701829281,0.70184,1.0719013e-05,0.01
FeB_bulk_B,FeB,bulk,B,305,0.7018286823,0.70184,1.131769497e-05,0.01
FeB_bulk_B,FeB,bulk,B,308,0.7017477832,0.70184,9.221678688e-05,0.01
FeB_bulk_B,FeB,bulk,B,311,0.7017476847,0.70184,9.231534235e-05,0.01
FeB_bulk_B,FeB,bulk,B,314,0.7018373665,0.70184,2.633481057e-06,0.01
FeB_bulk_B,FeB,bulk,B,317,0.7018364473,0.70184,3.552706738e-06,0.01
FeB_bulk_B,FeB,bulk,B,320,0.7019299801,0.70184,8.998006358e-05,0.01
FeB_bulk_B,FeB,bulk,B,323,0.7019292476,0.70184,8.924762386e-05,0.01
FeB_bulk_B,FeB,bulk,B,326,0.7018371523,0.70184,2.847709609e-06,0.01
FeB_bulk_B,FeB,bulk,B,329,0.7018369708,0.70184,3.029243972e-06,0.01
FeB_bulk_B,FeB,bulk,B,332,0.7017498232,0.70184,9.017675684e-05,0.01
FeB_bulk_B,FeB,bulk,B,335,0.7017497176,0.70184,9.02823699e-05,0.01
FeB_bulk_B,FeB,bulk,B,338,0.7018301126,0.70184,9.887432872e-06,0.01
FeB_bulk_B,FeB,bulk,B,341,0.7018302011,0.70184,9.798855068e-06,0.01
FeB_bulk_B,FeB,bulk,B,344,0.7019145384,0.70184,7.453838329e-05,0.01
FeB_bulk_B,FeB,bulk,B,347,0.7019148573,0.70184,7.485728083e-05,0.01
FeB_bulk_B,FeB,bulk,B,350,0.7018374093,0.70184,2.590710676e-06,0.01
FeB_bulk_B,FeB,bulk,B,353,0.701838208,0.70184,1.791979666e-06,0.01
FeB_bulk_B,FeB,bulk,B,356,0.7017481888,0.70184,9.181121322e-05,0.01
FeB_bulk_B,FeB,bulk,B,359,0.7017487439,0.70184,9.1256145e-05,0.01
FeB_bulk_B,FeB,bulk,B,362,0.6490829901,0.64905,3.299013371e-05,0.01
FeB_bulk_B,FeB,bulk,B,365,0.6490829243,0.64905,3.292429066e-05,0.01
FeB_bulk_B,FeB,bulk,B,368,0.6491349151,0.64905,8.491510196e-05,0.01
FeB_bulk_B,FeB,bulk,B,371,0.6491351259,0.64905,8.512591051e-05,0.01
FeB_bulk_B,FeB,bulk,B,374,0.6491362507,0.64905,8.625072793e-05,0.01
FeB_bulk_B,FeB,bulk,B,377,0.6491358053,0.64905,8.580530686e-05,0.01
FeB_bulk_B,FeB,bulk,B,380,0.6490834192,0.64905,3.34191777e-05,0.01
FeB_bulk_B,FeB,bulk,B,383,0.6490827217,0.64905,3.272172284e-05,0.01
FeB_bulk_B,FeB,bulk,B,386,0.6490611617,0.64905,1.116168874e-05,0.01
FeB_bulk_B,FeB,bulk,B,389,0.6490609439,0.64905,1.094392229e-05,0.01
FeB_bulk_B,FeB,bulk,B,392,0.6491036675,0.64905,5.366748516e-05,0.01
FeB_bulk_B,FeB,bulk,B,395,0.649102733,0.64905,5.273295838e-05,0.01
FeB_bulk_B,FeB,bulk,B,398,0.6490949634,0.64905,4.49633876e-05,0.01
FeB_bulk_B,FeB,bulk,B,401,0.6490937556,0.64905,4.375556984e-05,0.01
FeB_bulk_B,FeB,bulk,B,404,0.6490538843,0.64905,3.884274141e-06,0.01
FeB_bulk_B,FeB,bulk,B,407,0.6490540494,0.64905,4.049407684e-06,0.01
FeB_bulk_B,FeB,bulk,B,410,0.649052367,0.64905,2.36695646e-06,0.01
FeB_bulk_B,FeB,bulk,B,413,0.6490524787,0.64905,2.478713915e-06,0.01
FeB_bulk_B,FeB,bulk,B,416,0.6490951581,0.64905,4.515810557e-05,0.01
FeB_bulk_B,FeB,bulk,B,419,0.6490946135,0.64905,4.461345186e-05,0.01
FeB_bulk_B,FeB,bulk,B,422,0.6491050246,0.64905,5.502464156e-05,0.01
FeB_bulk_B,FeB,bulk,B,425,0.6491046315,0.64905,5.463151606e-05,0.01
FeB_bulk_B,FeB,bulk,B,428,0.6490635648,0.64905,1.356480588e-05,0.01
FeB_bulk_B,FeB,bulk,B,431,0.6490646818,0.64905,1.468175133e-05,0.01
FeB_bulk_Fe,FeB,bulk,Fe,2,0.6605131383,0.66051,3.138329197e-06,0.01
FeB_bulk_Fe,FeB,bulk,Fe,5,0.6605124771,0.66051,2.477077934e-06,0.01
FeB_bulk_Fe,FeB,bulk,Fe,8,0.6605547663,0.66051,4.476630166e-05,0.01
FeB_bulk_Fe,FeB,bulk,Fe,11,0.6605544314,0.66051,4.443135692e-05,0.01
FeB_bulk_Fe,FeB,bulk,Fe,14,0.6605076626,0.66051,2.33743825e-06,0.01
FeB_bulk_Fe,FeB,bulk,Fe,17,0.6605070603,0.66051,2.939733258e-06,0.01
FeB_bulk_Fe,FeB,bulk,Fe,20,0.6604689658,0.66051,4.103420634e-05,0.01
FeB_bulk_Fe,FeB,bulk,Fe,23,0.6604685818,0.66051,4.141821827e-05,0.01
FeB_bulk_Fe,FeB,bulk,Fe,26,0.6605053557,0.66051,4.644269508e-06,0.01
FeB_bulk_Fe,FeB,bulk,Fe,29,0.6605047535,0.66051,5.246499003e-06,0.01
FeB_bulk_Fe,FeB,bulk,Fe,32,0.6605423844,0.66051,3.238443722e-05,0.01
FeB_bulk_Fe,FeB,bulk,Fe,35,0.6605419324,0.66051,3.193236337e-05,0.01
FeB_bulk_Fe,FeB,bulk,Fe,38,0.6605080778,0.66051,1.922198884e-06,0.01
FeB_bulk_Fe,FeB,bulk,Fe,41,0.6605082011,0.66051,1.79891103e-06,0.01
FeB_bulk_Fe,FeB,bulk,Fe,44,0.6604693729,0.66051,4.062705274e-05,0.01
FeB_bulk_Fe,FeB,bulk,Fe,47,0.6604697722,0.66051,4.022778161e-05,0.01
FeB_bulk_Fe,FeB,bulk,Fe,50,0.6605071904,0.66051,2.809595938e-06,0.01
FeB_bulk_Fe,FeB,bulk,Fe,53,0.6605070959,0.66051,2.904109795e-06,0.01
FeB_bulk_Fe,FeB,bulk,Fe,56,0.6605558921,0.66051,4.589208877e-05,0.01
FeB_bulk_Fe,FeB,bulk,Fe,59,0.660555654,0.66051,4.565401634e-05,0.01
FeB_bulk_Fe,FeB,bulk,Fe,62,0.6605137689,0.66051,3.768900795e-06,0.01
FeB_bulk_Fe,FeB,bulk,Fe,65,0.660514029,0.66051,4.029034428e-06,0.01
FeB_bulk_Fe,FeB,bulk,Fe,68,0.6604686608,0.66051,4.13392189e-05,0.01
FeB_bulk_Fe,FeB,bulk,Fe,71,0.6604689472,0.66051,4.105276429e-05,0.01
FeB_bulk_Fe,FeB,bulk,Fe,74,0.6903749827,0.69036,1.498265211e-05,0.01
FeB_bulk_Fe,FeB,bulk,Fe,77,0.6903743405,0.69036,1.434051017e-05,0.01
FeB_bulk_Fe,FeB,bulk,Fe,80,0.6904610103,0.69036,0.0001010103416,0.01
FeB_bulk_Fe,FeB,bulk,Fe,83,0.6904602622,0.69036,0.0001002622152,0.01
FeB_bulk_Fe,FeB,bulk,Fe,86,0.6904610511,0.69036,0.0001010511312,0.01
FeB_bulk_Fe,FeB,bulk,Fe,89,0.6904602525,0.69036,0.0001002524944,0.01
FeB_bulk_Fe,FeB,bulk,Fe,92,0.6903745854,0.69036,1.458536851e-05,0.01
FeB_bulk_Fe,FeB,bulk,Fe,95,0.6903739239,0.69036,1.392386371e-05,0.01
FeB_bulk_Fe,FeB,bulk,Fe,98,0.6903656492,0.69036,5.64922925e-06,0.01
FeB_bulk_Fe,FeB,bulk,Fe,101,0.6903650883,0.69036,5.088289137e-06,0.01
FeB_bulk_Fe,FeB,bulk,Fe,104,0.690460759,0.69036,0.0001007590485,0.01
FeB_bulk_Fe,FeB,bulk,Fe,107,0.6904597642,0.69036,9.976421163e-05,0.01
FeB_bulk_Fe,FeB,bulk,Fe,110,0.6904534755,0.69036,9.347548035e-05,0.01
FeB_bulk_Fe,FeB,bulk,Fe,113,0.6904526278,0.69036,9.262775631e-05,0.01
FeB_bulk_Fe,FeB,bulk,Fe,116,0.6903644454,0.69036,4.445444024e-06,0.01
FeB_bulk_Fe,FeB,bulk,Fe,119,0.6903641364,0.69036,4.136412306e-06,0.01
FeB_bulk_Fe,FeB,bulk,Fe,122,0.6903640838,0.69036,4.083763399e-06,0.01
FeB_bulk_Fe,FeB,bulk,Fe,125,0.6903641364,0.69036,4.136445969e-06,0.01
FeB_bulk_Fe,FeB,bulk,Fe,128,0.690454432,0.69036,9.443204422e-05,0.01
FeB_bulk_Fe,FeB,bulk,Fe,131,0.6904544323,0.69036,9.443227166e-05,0.01
FeB_bulk_Fe,FeB,bulk,Fe,134,0.6904606791,0.69036,0.0001006791312,0.01
FeB_bulk_Fe,FeB,bulk,Fe,137,0.6904609638,0.69036,0.0001009637725,0.01
FeB_bulk_Fe,FeB,bulk,Fe,140,0.6903664874,0.69036,6.487382666e-06,0.01
FeB_bulk_Fe,FeB,bulk,Fe,143,0.6903669222,0.69036,6.922153392e-06,0.01
B_interface_B,B,interface,B,583,0.9027293143,0.90469,0.001960685746,0.01
B_interface_B,B,interface,B,586,0.902727808,0.90469,0.00196219196,0.01
B_interface_B,B,interface,B,645,0.4454018879,0.45169,0.006288112067,0.01
B_interface_B,B,interface,B,648,0.4454009106,0.45169,0.006289089418,0.01
B_interface_B,B,interface,B,679,0.9046866629,0.90469,3.337088221e-06,0.01
B_interface_B,B,interface,B,682,0.9046846124,0.90469,5.387633773e-06,0.01
B_interface_B,B,interface,B,705,0.4516885331,0.45169,1.466919619e-06,0.01
B_interface_B,B,interface,B,708,0.4516890645,0.45169,9.354700495e-07,0.01
B_interface_B,B,interface,B,727,0.9026105205,0.90469,0.002079479462,0.01
B_interface_B,B,interface,B,730,0.9026088215,0.90469,0.002081178548,0.01
B_interface_B,B,interface,B,753,0.4478339296,0.45169,0.00385607043,0.01
B_interface_B,B,interface,B,756,0.4478321036,0.45169,0.0038578964,0.01
B_interface_B,B,interface,B,801,0.4480564749,0.45169,0.003633525144,0.01
B_interface_B,B,interface,B,804,0.448058438,0.45169,0.003631562015,0.01
B_interface_B,B,interface,B,823,0.9073153382,0.90469,0.00262533816,0.01
B_interface_B,B,interface,B,826,0.9073178619,0.90469,0.002627861895,0.01
B_interface_B,B,interface,B,871,0.9047000667,0.90469,1.006667762e-05,0.01
B_interface_B,B,interface,B,874,0.9047014098,0.90469,1.140983853e-05,0.01
B_interface_B,B,interface,B,921,0.4516859012,0.45169,4.098777649e-06,0.01
B_interface_B,B,interface,B,924,0.4516825042,0.45169,7.495761661e-06,0.01
B_interface_B,B,interface,B,967,0.9027482353,0.90469,0.00194176469,0.01
B_interface_B,B,interface,B,970,0.9027504511,0.90469,0.001939548911,0.01
B_interface_B,B,interface,B,1005,0.4454277827,0.45169,0.006262217303,0.01
B_interface_B,B,interface,B,1008,0.4454260573,0.45169,0.006263942711,0.01
B_interface_B,B,interface,B,1015,0.9073177791,0.90469,0.00262777915,0.01
B_interface_B,B,interface,B,1018,0.9073210026,0.90469,0.002631002592,0.01
B_interface_B,B,interface,B,1041,0.4481593905,0.45169,0.003530609514,0.01
B_interface_B,B,interface,B,1044,0.4481543694,0.45169,0.003535630588,0.01
B_interface_B,B,interface,B,1089,0.4479105838,0.45169,0.003779416231,0.01
B_interface_B,B,interface,B,1092,0.4479091219,0.45169,0.00378087807,0.01
B_interface_B,B,interface,B,1111,0.9026176908,0.90469,0.002072309174,0.01
B_interface_B,B,interface,B,1114,0.9026194503,0.90469,0.002070549678,0.01
B_interface_B,B,interface,B,1159,0.9029351031,0.90469,0.001754896854,0.01
B_interface_B,B,interface,B,1162,0.9029341309,0.90469,0.001755869144,0.01
B_interface_B,B,interface,B,1209,0.4502987604,0.45169,0.001391239555,0.01
B_interface_B,B,interface,B,1212,0.4503003103,0.45169,0.001389689742,0.01
B_interface_B,B,interface,B,1255,0.9029466496,0.90469,0.00174335044,0.01
B_interface_B,B,interface,B,1258,0.9029463987,0.90469,0.001743601348,0.01
B_interface_B,B,interface,B,1281,0.450235807,0.45169,0.001454193031,0.01
B_interface_B,B,interface,B,1284,0.4502320391,0.45169,0.001457960939,0.01
B_interface_B,B,interface,B,1303,0.9024464076,0.90469,0.002243592417,0.01
B_interface_B,B,interface,B,1306,0.9024454992,0.90469,0.002244500816,0.01
B_interface_B,B,interface,B,1341,0.4451344281,0.45169,0.006555571862,0.01
B_interface_B,B,interface,B,1344,0.4451319346,0.45169,0.006558065448,0.01
B_interface_B,B,interface,B,1389,0.4451000871,0.45169,0.006589912879,0.01
B_interface_B,B,interface,B,1392,0.44509959,0.45169,0.006590409966,0.01
B_interface_B,B,interface,B,1399,0.902437145,0.90469,0.002252854954,0.01
B_interface_B,B,interface,B,1402,0.9024407188,0.90469,0.002249281214,0.01
B_bulk_B,B,bulk,B,602,0.1062977495,0.10627,2.774953514e-05,0.01
B_bulk_B,B,bulk,B,605,0.1062975325,0.10627,2.753251867e-05,0.01
B_bulk_B,B,bulk,B,626,0.1670992146,0.1671,7.854136123e-07,0.01
B_bulk_B,B,bulk,B,629,0.1670990934,0.1671,9.065553366e-07,0.01
B_bulk_B,B,bulk,B,656,0.1062673605,0.10627,2.639471589e-06,0.01
B_bulk_B,B,bulk,B,659,0.1062673879,0.10627,2.612096947e-06,0.01
B_bulk_B,B,bulk,B,710,0.1670973964,0.1671,2.60358279e-06,0.01
B_bulk_B,B,bulk,B,713,0.167096482,0.1671,3.51804211e-06,0.01
B_bulk_B,B,bulk,B,758,0.1644132612,0.1671,0.002686738754,0.01
B_bulk_B,B,bulk,B,761,0.1644130248,0.1671,0.002686975186,0.01
B_bulk_B,B,bulk,B,776,0.1089763926,0.10627,0.002706392605,0.01
B_bulk_B,B,bulk,B,779,0.108975991,0.10627,0.002705991018,0.01
B_bulk_B,B,bulk,B,806,0.1644107756,0.1671,0.002689224429,0.01
B_bulk_B,B,bulk,B,809,0.1644101418,0.1671,0.00268985824,0.01
B_bulk_B,B,bulk,B,848,0.1089594403,0.10627,0.002689440333,0.01
B_bulk_B,B,bulk,B,851,0.1089590941,0.10627,0.002689094114,0.01
B_bulk_B,B,bulk,B,896,0.1062679937,0.10627,2.006292457e-06,0.01
B_bulk_B,B,bulk,B,899,0.1062674626,0.10627,2.537372673e-06,0.01
B_bulk_B,B,bulk,B,926,0.167099622,0.1671,3.780112952e-07,0.01
B_bulk_B,B,bulk,B,929,0.1670992907,0.1671,7.092549426e-07,0.01
B_bulk_B,B,bulk,B,938,0.1062981237,0.10627,2.812372781e-05,0.01
B_bulk_B,B,bulk,B,941,0.10629825,0.10627,2.82500032e-05,0.01
B_bulk_B,B,bulk,B,986,0.1670990093,0.1671,9.906509584e-07,0.01
B_bulk_B,B,bulk,B,989,0.1670991051,0.1671,8.949096468e-07,0.01
B_bulk_B,B,bulk,B,1046,0.1644127913,0.1671,0.00268720869,0.01
B_bulk_B,B,bulk,B,1049,0.1644123519,0.1671,0.002687648094,0.01
B_bulk_B,B,bulk,B,1064,0.1089625465,0.10627,0.002692546499,0.01
B_bulk_B,B,bulk,B,1067,0.1089619918,0.10627,0.002691991835,0.01
B_bulk_B,B,bulk,B,1094,0.1644115801,0.1671,0.002688419936,0.01
B_bulk_B,B,bulk,B,1097,0.1644113478,0.1671,0.002688652238,0.01
B_bulk_B,B,bulk,B,1136,0.1089739756,0.10627,0.002703975585,0.01
B_bulk_B,B,bulk,B,1139,0.1089740752,0.10627,0.002704075233,0.01
B_bulk_B,B,bulk,B,1184,0.1062725249,0.10627,2.524925134e-06,0.01
B_bulk_B,B,bulk,B,1187,0.1062723028,0.10627,2.302804169e-06,0.01
B_bulk_B,B,bulk,B,1214,0.1670974368,0.1671,2.563235804e-06,0.01
B_bulk_B,B,bulk,B,1217,0.1670970845,0.1671,2.915457705e-06,0.01
B_bulk_B,B,bulk,B,1232,0.1062736972,0.10627,3.697239296e-06,0.01
B_bulk_B,B,bulk,B,1235,0.1062735213,0.10627,3.521270431e-06,0.01
B_bulk_B,B,bulk,B,1286,0.1670978076,0.1671,2.19240785e-06,0.01
B_bulk_B,B,bulk,B,1289,0.1670975044,0.1671,2.495553677e-06,0.01
B_bulk_B,B,bulk,B,1322,0.1644126357,0.1671,0.002687364298,0.01
B_bulk_B,B,bulk,B,1325,0.1644125033,0.1671,0.002687496699,0.01
B_bulk_B,B,bulk,B,1346,0.1089707502,0.10627,0.002700750182,0.01
B_bulk_B,B,bulk,B,1349,0.108970723,0.10627,0.002700723037,0.01
B_bulk_B,B,bulk,B,1370,0.1644076034,0.1671,0.002692396578,0.01
B_bulk_B,B,bulk,B,1373,0.1644074203,0.1671,0.0026925797,0.01
B_bulk_B,B,bulk,B,1418,0.1089670517,0.10627,0.002697051704,0.01
B_bulk_B,B,bulk,B,1421,0.1089668044,0.10627,0.002696804428,0.01
